image_id,label,label_idx,mean_greenness_index,chlorosis_index,lesion_area_ratio,glcm_contrast,split
LEAF_BROW_10001.jpg,Brown_Spot,1,0.4422,0.2659,0.2367,51.06,val
LEAF_BACT_10002.jpg,Bacterial_Blight,0,0.4335,0.3485,0.2743,33.38,train
LEAF_BROW_10003.jpg,Brown_Spot,1,0.5772,0.1738,0.1943,40.55,train
LEAF_LEAF_10004.jpg,Leaf_Blast,2,0.3996,0.3418,0.5804,54.76,train
LEAF_LEAF_10005.jpg,Leaf_Blast,2,0.402,0.3663,0.3762,47.55,train
LEAF_BACT_10006.jpg,Bacterial_Blight,0,0.4373,0.3797,0.3016,39.95,train
LEAF_BROW_10007.jpg,Brown_Spot,1,0.7145,0.3097,0.2331,50.29,test
LEAF_BACT_10008.jpg,Bacterial_Blight,0,0.3993,0.285,0.3819,35.31,train
LEAF_BROW_10009.jpg,Brown_Spot,1,0.4409,0.2567,0.2549,50.33,val
LEAF_HEAL_10010.jpg,Healthy_Leaf,3,0.7696,0.0275,0.0,9.48,train
LEAF_BROW_10011.jpg,Brown_Spot,1,0.597,0.309,0.1661,50.01,train
LEAF_BACT_10012.jpg,Bacterial_Blight,0,0.5037,0.4384,0.3836,45.48,train
LEAF_LEAF_10013.jpg,Leaf_Blast,2,0.4771,0.2721,0.3445,42.07,train
LEAF_TUNG_10014.jpg,Tungro_Virus,4,0.3825,0.5372,0.3005,24.84,train
LEAF_BROW_10015.jpg,Brown_Spot,1,0.5721,0.2751,0.2895,46.54,train
LEAF_TUNG_10016.jpg,Tungro_Virus,4,0.3389,0.6897,0.4676,26.76,train
LEAF_BROW_10017.jpg,Brown_Spot,1,0.5671,0.3137,0.2025,29.07,train
LEAF_BACT_10018.jpg,Bacterial_Blight,0,0.5076,0.4072,0.3067,39.07,val
LEAF_BROW_10019.jpg,Brown_Spot,1,0.3784,0.2491,0.1196,38.56,train
LEAF_LEAF_10020.jpg,Leaf_Blast,2,0.3706,0.2539,0.3504,55.34,train
LEAF_BACT_10021.jpg,Bacterial_Blight,0,0.4593,0.4004,0.3194,41.84,val
LEAF_BROW_10022.jpg,Brown_Spot,1,0.4395,0.2099,0.303,53.43,train
LEAF_BACT_10023.jpg,Bacterial_Blight,0,0.5914,0.3504,0.3939,46.53,train
LEAF_LEAF_10024.jpg,Leaf_Blast,2,0.5199,0.3454,0.2399,55.75,train
LEAF_TUNG_10025.jpg,Tungro_Virus,4,0.2651,0.5489,0.3614,26.57,train
LEAF_HEAL_10026.jpg,Healthy_Leaf,3,0.8078,0.0673,0.0,17.58,train
LEAF_BACT_10027.jpg,Bacterial_Blight,0,0.3648,0.4514,0.424,33.66,test
LEAF_TUNG_10028.jpg,Tungro_Virus,4,0.3571,0.6774,0.4726,31.39,train
LEAF_BACT_10029.jpg,Bacterial_Blight,0,0.494,0.307,0.4039,44.63,train
LEAF_HEAL_10030.jpg,Healthy_Leaf,3,0.7424,0.0174,0.0,14.04,val
LEAF_HEAL_10031.jpg,Healthy_Leaf,3,0.8434,0.0226,0.0,12.79,train
LEAF_BROW_10032.jpg,Brown_Spot,1,0.5815,0.238,0.2926,48.23,train
LEAF_LEAF_10033.jpg,Leaf_Blast,2,0.3375,0.2976,0.2633,58.84,train
LEAF_LEAF_10034.jpg,Leaf_Blast,2,0.4401,0.3518,0.3093,57.44,train
LEAF_TUNG_10035.jpg,Tungro_Virus,4,0.2644,0.539,0.521,28.37,train
LEAF_LEAF_10036.jpg,Leaf_Blast,2,0.4685,0.2434,0.4452,52.36,val
LEAF_HEAL_10037.jpg,Healthy_Leaf,3,0.732,0.0676,0.0,14.31,val
LEAF_TUNG_10038.jpg,Tungro_Virus,4,0.2838,0.5819,0.5372,33.75,train
LEAF_HEAL_10039.jpg,Healthy_Leaf,3,0.7804,0.0446,0.0,12.85,train
LEAF_BROW_10040.jpg,Brown_Spot,1,0.5316,0.2072,0.2176,41.79,train
LEAF_BROW_10041.jpg,Brown_Spot,1,0.491,0.254,0.1664,42.99,train
LEAF_HEAL_10042.jpg,Healthy_Leaf,3,0.8075,0.0146,0.0,17.28,train
LEAF_HEAL_10043.jpg,Healthy_Leaf,3,0.8722,0.0403,0.0,13.38,train
LEAF_HEAL_10044.jpg,Healthy_Leaf,3,0.7578,0.0066,0.0,10.96,train
LEAF_BACT_10045.jpg,Bacterial_Blight,0,0.6129,0.3991,0.191,42.73,train
LEAF_TUNG_10046.jpg,Tungro_Virus,4,0.396,0.6102,0.6151,22.69,train
LEAF_BROW_10047.jpg,Brown_Spot,1,0.6491,0.2381,0.3323,44.88,train
LEAF_BACT_10048.jpg,Bacterial_Blight,0,0.4054,0.2603,0.216,45.72,train
LEAF_BROW_10049.jpg,Brown_Spot,1,0.6126,0.2529,0.3609,47.43,train
LEAF_BACT_10050.jpg,Bacterial_Blight,0,0.5528,0.3679,0.3249,41.24,train
LEAF_BROW_10051.jpg,Brown_Spot,1,0.5288,0.2192,0.3467,49.12,train
LEAF_TUNG_10052.jpg,Tungro_Virus,4,0.3243,0.5411,0.4708,31.54,train
LEAF_HEAL_10053.jpg,Healthy_Leaf,3,0.7568,0.0276,0.0,11.79,train
LEAF_LEAF_10054.jpg,Leaf_Blast,2,0.479,0.3407,0.2933,58.14,train
LEAF_HEAL_10055.jpg,Healthy_Leaf,3,0.6906,0.0156,0.0,11.16,test
LEAF_TUNG_10056.jpg,Tungro_Virus,4,0.3897,0.7042,0.406,26.37,test
LEAF_LEAF_10057.jpg,Leaf_Blast,2,0.4709,0.2634,0.4354,50.33,train
LEAF_TUNG_10058.jpg,Tungro_Virus,4,0.3712,0.5583,0.3887,35.65,train
LEAF_BROW_10059.jpg,Brown_Spot,1,0.5946,0.3102,0.1482,49.62,val
LEAF_BACT_10060.jpg,Bacterial_Blight,0,0.5334,0.3381,0.3193,27.55,test
LEAF_BROW_10061.jpg,Brown_Spot,1,0.6439,0.2807,0.3015,42.4,val
LEAF_HEAL_10062.jpg,Healthy_Leaf,3,0.7902,0.0631,0.0,11.55,test
LEAF_TUNG_10063.jpg,Tungro_Virus,4,0.2801,0.6888,0.2463,34.28,test
LEAF_BACT_10064.jpg,Bacterial_Blight,0,0.4558,0.3797,0.2654,37.76,train
LEAF_BACT_10065.jpg,Bacterial_Blight,0,0.5817,0.4263,0.3594,38.44,train
LEAF_BROW_10066.jpg,Brown_Spot,1,0.496,0.2729,0.2242,50.9,test
LEAF_BACT_10067.jpg,Bacterial_Blight,0,0.5179,0.3833,0.5021,40.03,train
LEAF_LEAF_10068.jpg,Leaf_Blast,2,0.546,0.4271,0.34,58.83,train
LEAF_BROW_10069.jpg,Brown_Spot,1,0.509,0.1822,0.282,34.14,train
LEAF_TUNG_10070.jpg,Tungro_Virus,4,0.2052,0.609,0.5071,31.88,train
LEAF_TUNG_10071.jpg,Tungro_Virus,4,0.3645,0.6981,0.52,27.47,test
LEAF_BACT_10072.jpg,Bacterial_Blight,0,0.4741,0.3631,0.3436,32.51,train
LEAF_TUNG_10073.jpg,Tungro_Virus,4,0.3365,0.6023,0.2048,24.39,train
LEAF_BACT_10074.jpg,Bacterial_Blight,0,0.5008,0.3981,0.4413,39.56,test
LEAF_HEAL_10075.jpg,Healthy_Leaf,3,0.7643,0.008,0.0,9.76,train
LEAF_LEAF_10076.jpg,Leaf_Blast,2,0.4928,0.242,0.3227,53.7,val
LEAF_LEAF_10077.jpg,Leaf_Blast,2,0.6138,0.3119,0.4538,59.19,train
LEAF_BACT_10078.jpg,Bacterial_Blight,0,0.4933,0.4693,0.3902,35.83,train
LEAF_BROW_10079.jpg,Brown_Spot,1,0.496,0.1635,0.3067,50.32,train
LEAF_LEAF_10080.jpg,Leaf_Blast,2,0.439,0.2659,0.4701,58.87,test
LEAF_BACT_10081.jpg,Bacterial_Blight,0,0.5065,0.3791,0.3837,36.59,test
LEAF_LEAF_10082.jpg,Leaf_Blast,2,0.3168,0.3786,0.2203,51.14,train
LEAF_BACT_10083.jpg,Bacterial_Blight,0,0.474,0.3139,0.359,41.74,train
LEAF_HEAL_10084.jpg,Healthy_Leaf,3,0.7655,0.0311,0.0,11.55,train
LEAF_BACT_10085.jpg,Bacterial_Blight,0,0.4148,0.3465,0.2053,37.04,train
LEAF_LEAF_10086.jpg,Leaf_Blast,2,0.4418,0.3029,0.3963,60.43,train
LEAF_TUNG_10087.jpg,Tungro_Virus,4,0.3711,0.5304,0.3764,30.32,train
LEAF_BROW_10088.jpg,Brown_Spot,1,0.6862,0.2345,0.1824,31.85,val
LEAF_BACT_10089.jpg,Bacterial_Blight,0,0.5481,0.3207,0.3223,42.84,train
LEAF_BACT_10090.jpg,Bacterial_Blight,0,0.6019,0.2326,0.2552,33.48,train
LEAF_BACT_10091.jpg,Bacterial_Blight,0,0.3951,0.3407,0.2581,36.25,test
LEAF_LEAF_10092.jpg,Leaf_Blast,2,0.5344,0.3458,0.2713,51.98,train
LEAF_LEAF_10093.jpg,Leaf_Blast,2,0.4148,0.4107,0.3151,47.32,train
LEAF_LEAF_10094.jpg,Leaf_Blast,2,0.2969,0.3659,0.3525,52.89,train
LEAF_BACT_10095.jpg,Bacterial_Blight,0,0.4434,0.3424,0.2894,35.93,train
LEAF_BACT_10096.jpg,Bacterial_Blight,0,0.2798,0.4211,0.3512,37.58,test
LEAF_HEAL_10097.jpg,Healthy_Leaf,3,0.7438,0.0293,0.0,13.56,train
LEAF_LEAF_10098.jpg,Leaf_Blast,2,0.4666,0.3653,0.2814,48.05,train
LEAF_LEAF_10099.jpg,Leaf_Blast,2,0.3698,0.2679,0.3224,41.33,train
LEAF_BACT_10100.jpg,Bacterial_Blight,0,0.5438,0.547,0.1911,37.26,train
LEAF_BACT_10101.jpg,Bacterial_Blight,0,0.4474,0.3439,0.3808,43.53,train
LEAF_LEAF_10102.jpg,Leaf_Blast,2,0.5117,0.1761,0.2571,53.19,train
LEAF_BACT_10103.jpg,Bacterial_Blight,0,0.4872,0.4093,0.4464,37.4,val
LEAF_BACT_10104.jpg,Bacterial_Blight,0,0.4891,0.3609,0.2945,40.72,train
LEAF_BROW_10105.jpg,Brown_Spot,1,0.5924,0.2365,0.2769,43.5,train
LEAF_LEAF_10106.jpg,Leaf_Blast,2,0.5541,0.3736,0.2741,40.94,test
LEAF_BROW_10107.jpg,Brown_Spot,1,0.5211,0.2946,0.2257,39.69,test
LEAF_LEAF_10108.jpg,Leaf_Blast,2,0.473,0.2388,0.314,55.57,train
LEAF_TUNG_10109.jpg,Tungro_Virus,4,0.3948,0.541,0.4904,23.63,val
LEAF_BACT_10110.jpg,Bacterial_Blight,0,0.4146,0.4706,0.3522,36.26,val
LEAF_BACT_10111.jpg,Bacterial_Blight,0,0.5463,0.4572,0.2844,35.86,val
LEAF_HEAL_10112.jpg,Healthy_Leaf,3,0.7524,0.0677,0.0,14.52,train
LEAF_BROW_10113.jpg,Brown_Spot,1,0.4459,0.2244,0.2302,50.01,train
LEAF_LEAF_10114.jpg,Leaf_Blast,2,0.4644,0.4851,0.3317,52.33,test
LEAF_TUNG_10115.jpg,Tungro_Virus,4,0.4269,0.6272,0.4717,29.77,train
LEAF_LEAF_10116.jpg,Leaf_Blast,2,0.3427,0.4321,0.3665,52.7,test
LEAF_LEAF_10117.jpg,Leaf_Blast,2,0.6531,0.3367,0.2971,51.07,train
LEAF_HEAL_10118.jpg,Healthy_Leaf,3,0.8226,-0.0064,0.0,12.04,train
LEAF_HEAL_10119.jpg,Healthy_Leaf,3,0.8114,0.0099,0.0,11.98,train
LEAF_BACT_10120.jpg,Bacterial_Blight,0,0.4795,0.3009,0.3844,37.21,train
LEAF_LEAF_10121.jpg,Leaf_Blast,2,0.3686,0.3362,0.2781,50.85,test
LEAF_LEAF_10122.jpg,Leaf_Blast,2,0.3958,0.3105,0.2796,56.72,test
LEAF_BACT_10123.jpg,Bacterial_Blight,0,0.6856,0.3136,0.4311,24.7,train
LEAF_BROW_10124.jpg,Brown_Spot,1,0.4376,0.2602,0.2374,43.47,test
LEAF_BROW_10125.jpg,Brown_Spot,1,0.5783,0.1837,0.1983,44.58,train
LEAF_HEAL_10126.jpg,Healthy_Leaf,3,0.7755,0.0406,0.0,11.09,train
LEAF_BACT_10127.jpg,Bacterial_Blight,0,0.4217,0.3859,0.3096,40.5,train
LEAF_BACT_10128.jpg,Bacterial_Blight,0,0.3957,0.4288,0.2448,39.17,train
LEAF_HEAL_10129.jpg,Healthy_Leaf,3,0.7926,0.0269,0.0,10.63,test
LEAF_BACT_10130.jpg,Bacterial_Blight,0,0.3464,0.4859,0.2207,33.92,train
LEAF_LEAF_10131.jpg,Leaf_Blast,2,0.5105,0.2011,0.4622,36.81,train
LEAF_BROW_10132.jpg,Brown_Spot,1,0.588,0.2485,0.1999,53.08,train
LEAF_BROW_10133.jpg,Brown_Spot,1,0.6709,0.2836,0.1826,42.49,val
LEAF_TUNG_10134.jpg,Tungro_Virus,4,0.2427,0.5881,0.287,30.21,train
LEAF_HEAL_10135.jpg,Healthy_Leaf,3,0.7565,0.0505,0.0,15.74,train
LEAF_BACT_10136.jpg,Bacterial_Blight,0,0.6056,0.3705,0.3845,39.92,train
LEAF_BACT_10137.jpg,Bacterial_Blight,0,0.2904,0.3591,0.3359,30.83,train
LEAF_BROW_10138.jpg,Brown_Spot,1,0.5607,0.3171,0.167,48.44,train
LEAF_HEAL_10139.jpg,Healthy_Leaf,3,0.6923,0.0419,0.0,12.86,train
LEAF_BACT_10140.jpg,Bacterial_Blight,0,0.5286,0.2888,0.3196,34.71,train
LEAF_BROW_10141.jpg,Brown_Spot,1,0.4953,0.2621,0.2308,42.99,train
LEAF_HEAL_10142.jpg,Healthy_Leaf,3,0.7021,0.032,0.0,13.5,train
LEAF_BROW_10143.jpg,Brown_Spot,1,0.5573,0.1619,0.2886,37.08,train
LEAF_TUNG_10144.jpg,Tungro_Virus,4,0.3064,0.6453,0.5119,33.15,val
LEAF_BROW_10145.jpg,Brown_Spot,1,0.5944,0.1737,0.2165,49.91,train
LEAF_HEAL_10146.jpg,Healthy_Leaf,3,0.7867,0.0489,0.0,12.07,test
LEAF_TUNG_10147.jpg,Tungro_Virus,4,0.3877,0.5736,0.4035,31.55,val
LEAF_BACT_10148.jpg,Bacterial_Blight,0,0.3676,0.4101,0.2366,44.39,val
LEAF_BACT_10149.jpg,Bacterial_Blight,0,0.513,0.2642,0.268,43.22,train
LEAF_TUNG_10150.jpg,Tungro_Virus,4,0.239,0.6268,0.5213,28.19,val
LEAF_TUNG_10151.jpg,Tungro_Virus,4,0.3934,0.5253,0.399,18.06,train
LEAF_TUNG_10152.jpg,Tungro_Virus,4,0.2191,0.4393,0.3627,31.17,train
LEAF_BROW_10153.jpg,Brown_Spot,1,0.4496,0.1975,0.104,37.76,train
LEAF_BACT_10154.jpg,Bacterial_Blight,0,0.4667,0.3305,0.5048,34.68,train
LEAF_TUNG_10155.jpg,Tungro_Virus,4,0.39,0.7097,0.293,28.3,train
LEAF_BROW_10156.jpg,Brown_Spot,1,0.5589,0.2189,0.1902,43.99,test
LEAF_TUNG_10157.jpg,Tungro_Virus,4,0.2976,0.4861,0.5296,32.19,train
LEAF_HEAL_10158.jpg,Healthy_Leaf,3,0.7447,0.0259,0.0,17.21,train
LEAF_BACT_10159.jpg,Bacterial_Blight,0,0.555,0.3582,0.3667,40.72,train
LEAF_BACT_10160.jpg,Bacterial_Blight,0,0.5667,0.2751,0.2194,42.42,train
LEAF_BACT_10161.jpg,Bacterial_Blight,0,0.4039,0.4217,0.2351,20.6,train
LEAF_HEAL_10162.jpg,Healthy_Leaf,3,0.7365,0.0665,0.0,10.24,train
LEAF_BROW_10163.jpg,Brown_Spot,1,0.5368,0.2653,0.276,47.53,test
LEAF_HEAL_10164.jpg,Healthy_Leaf,3,0.8051,0.0571,0.0,14.52,val
LEAF_BACT_10165.jpg,Bacterial_Blight,0,0.6025,0.3578,0.2533,34.55,val
LEAF_HEAL_10166.jpg,Healthy_Leaf,3,0.8047,0.0355,0.0,12.51,train
LEAF_LEAF_10167.jpg,Leaf_Blast,2,0.452,0.3063,0.4178,42.55,train
LEAF_HEAL_10168.jpg,Healthy_Leaf,3,0.7933,0.032,0.0,13.58,train
LEAF_LEAF_10169.jpg,Leaf_Blast,2,0.4538,0.3123,0.3868,50.7,val
LEAF_BACT_10170.jpg,Bacterial_Blight,0,0.4476,0.2714,0.3972,35.6,test
LEAF_TUNG_10171.jpg,Tungro_Virus,4,0.3277,0.6094,0.3974,27.48,val
LEAF_HEAL_10172.jpg,Healthy_Leaf,3,0.6782,0.006,0.0,11.69,test
LEAF_BROW_10173.jpg,Brown_Spot,1,0.4339,0.2411,0.2589,50.92,train
LEAF_BACT_10174.jpg,Bacterial_Blight,0,0.5697,0.4586,0.3022,32.27,test
LEAF_BROW_10175.jpg,Brown_Spot,1,0.4341,0.333,0.2739,43.76,train
LEAF_BACT_10176.jpg,Bacterial_Blight,0,0.4859,0.3662,0.396,36.29,train
LEAF_TUNG_10177.jpg,Tungro_Virus,4,0.3362,0.5616,0.5208,30.89,val
LEAF_HEAL_10178.jpg,Healthy_Leaf,3,0.7328,0.0465,0.0,15.0,train
LEAF_BACT_10179.jpg,Bacterial_Blight,0,0.5193,0.4025,0.2594,31.21,train
LEAF_BACT_10180.jpg,Bacterial_Blight,0,0.4547,0.2845,0.3652,34.83,train
LEAF_BACT_10181.jpg,Bacterial_Blight,0,0.5597,0.3696,0.2649,50.36,train
LEAF_HEAL_10182.jpg,Healthy_Leaf,3,0.7552,0.0474,0.0,13.46,train
LEAF_LEAF_10183.jpg,Leaf_Blast,2,0.4289,0.2718,0.5662,51.84,val
LEAF_LEAF_10184.jpg,Leaf_Blast,2,0.3799,0.3026,0.3258,51.4,train
LEAF_BROW_10185.jpg,Brown_Spot,1,0.5337,0.1969,0.2793,48.74,train
LEAF_BACT_10186.jpg,Bacterial_Blight,0,0.502,0.3321,0.465,39.79,test
LEAF_HEAL_10187.jpg,Healthy_Leaf,3,0.751,0.0618,0.0,12.73,val
LEAF_LEAF_10188.jpg,Leaf_Blast,2,0.526,0.3281,0.5464,49.41,train
LEAF_BROW_10189.jpg,Brown_Spot,1,0.5343,0.1984,0.1882,48.71,train
LEAF_LEAF_10190.jpg,Leaf_Blast,2,0.5403,0.2347,0.4178,44.11,train
LEAF_BACT_10191.jpg,Bacterial_Blight,0,0.5251,0.4455,0.3111,42.66,train
LEAF_BROW_10192.jpg,Brown_Spot,1,0.5811,0.1719,0.3401,44.37,test
LEAF_TUNG_10193.jpg,Tungro_Virus,4,0.4268,0.4494,0.3927,31.2,train
LEAF_LEAF_10194.jpg,Leaf_Blast,2,0.4643,0.3964,0.4199,54.81,test
LEAF_BACT_10195.jpg,Bacterial_Blight,0,0.4252,0.3994,0.2967,29.75,test
LEAF_BROW_10196.jpg,Brown_Spot,1,0.5165,0.1383,0.2341,38.07,train
LEAF_TUNG_10197.jpg,Tungro_Virus,4,0.3392,0.6446,0.3254,32.43,train
LEAF_TUNG_10198.jpg,Tungro_Virus,4,0.2775,0.4555,0.4228,19.62,val
LEAF_BROW_10199.jpg,Brown_Spot,1,0.5378,0.2824,0.1365,39.97,train
LEAF_BACT_10200.jpg,Bacterial_Blight,0,0.5217,0.4308,0.4178,44.07,val
LEAF_LEAF_10201.jpg,Leaf_Blast,2,0.4428,0.2788,0.3842,49.71,train
LEAF_LEAF_10202.jpg,Leaf_Blast,2,0.4059,0.2908,0.2569,50.67,train
LEAF_BACT_10203.jpg,Bacterial_Blight,0,0.5159,0.3884,0.3562,37.33,train
LEAF_LEAF_10204.jpg,Leaf_Blast,2,0.5369,0.239,0.3863,45.43,train
LEAF_TUNG_10205.jpg,Tungro_Virus,4,0.3587,0.6021,0.3849,32.29,train
LEAF_HEAL_10206.jpg,Healthy_Leaf,3,0.7718,0.0394,0.0,16.51,train
LEAF_TUNG_10207.jpg,Tungro_Virus,4,0.2931,0.5854,0.4698,29.8,train
LEAF_BACT_10208.jpg,Bacterial_Blight,0,0.3928,0.4779,0.2583,39.48,train
LEAF_TUNG_10209.jpg,Tungro_Virus,4,0.3803,0.5598,0.4841,33.74,val
LEAF_TUNG_10210.jpg,Tungro_Virus,4,0.2189,0.5053,0.5547,30.28,val
LEAF_HEAL_10211.jpg,Healthy_Leaf,3,0.8445,0.0348,0.0,12.74,train
LEAF_BROW_10212.jpg,Brown_Spot,1,0.448,0.1861,0.1214,39.69,train
LEAF_BROW_10213.jpg,Brown_Spot,1,0.6287,0.1853,0.1839,46.02,train
LEAF_LEAF_10214.jpg,Leaf_Blast,2,0.394,0.1426,0.2885,52.41,train
LEAF_BACT_10215.jpg,Bacterial_Blight,0,0.5701,0.3106,0.1974,45.23,train
LEAF_LEAF_10216.jpg,Leaf_Blast,2,0.3041,0.3476,0.4018,50.23,test
LEAF_BACT_10217.jpg,Bacterial_Blight,0,0.5114,0.3687,0.3642,37.83,train
LEAF_BROW_10218.jpg,Brown_Spot,1,0.4535,0.2985,0.183,33.53,train
LEAF_HEAL_10219.jpg,Healthy_Leaf,3,0.7998,0.0279,0.0,9.33,train
LEAF_BACT_10220.jpg,Bacterial_Blight,0,0.4025,0.4131,0.4677,39.11,train
LEAF_LEAF_10221.jpg,Leaf_Blast,2,0.5618,0.2947,0.2979,52.45,train
LEAF_TUNG_10222.jpg,Tungro_Virus,4,0.3924,0.6107,0.4216,29.6,train
LEAF_LEAF_10223.jpg,Leaf_Blast,2,0.542,0.2789,0.3252,57.26,train
LEAF_HEAL_10224.jpg,Healthy_Leaf,3,0.8201,0.0288,0.0,16.14,train
LEAF_LEAF_10225.jpg,Leaf_Blast,2,0.3837,0.4556,0.2386,55.67,test
LEAF_BACT_10226.jpg,Bacterial_Blight,0,0.4212,0.4535,0.4499,30.32,train
LEAF_LEAF_10227.jpg,Leaf_Blast,2,0.4714,0.322,0.3498,54.9,train
LEAF_BROW_10228.jpg,Brown_Spot,1,0.4659,0.2988,0.2862,46.82,train
LEAF_BROW_10229.jpg,Brown_Spot,1,0.4826,0.195,0.1773,41.48,train
LEAF_BACT_10230.jpg,Bacterial_Blight,0,0.4642,0.3427,0.3761,43.16,train
LEAF_LEAF_10231.jpg,Leaf_Blast,2,0.4587,0.2179,0.239,56.86,val
LEAF_LEAF_10232.jpg,Leaf_Blast,2,0.6057,0.3068,0.2887,45.07,train
LEAF_BACT_10233.jpg,Bacterial_Blight,0,0.5304,0.475,0.2955,44.57,val
LEAF_TUNG_10234.jpg,Tungro_Virus,4,0.2471,0.5373,0.3093,28.29,val
LEAF_LEAF_10235.jpg,Leaf_Blast,2,0.5124,0.2476,0.3703,48.31,val
LEAF_HEAL_10236.jpg,Healthy_Leaf,3,0.7981,0.0186,0.0,10.72,train
LEAF_BACT_10237.jpg,Bacterial_Blight,0,0.487,0.4225,0.2522,29.99,train
LEAF_LEAF_10238.jpg,Leaf_Blast,2,0.5169,0.3022,0.3726,51.99,test
LEAF_BACT_10239.jpg,Bacterial_Blight,0,0.4449,0.45,0.3655,41.0,train
LEAF_BACT_10240.jpg,Bacterial_Blight,0,0.385,0.3588,0.2371,44.57,test
LEAF_LEAF_10241.jpg,Leaf_Blast,2,0.432,0.3138,0.5718,49.9,val
LEAF_BACT_10242.jpg,Bacterial_Blight,0,0.2779,0.3838,0.2903,33.04,train
LEAF_BACT_10243.jpg,Bacterial_Blight,0,0.5206,0.3832,0.1758,34.77,train
LEAF_BROW_10244.jpg,Brown_Spot,1,0.5398,0.2103,0.2524,37.31,train
LEAF_BACT_10245.jpg,Bacterial_Blight,0,0.4249,0.3762,0.2749,35.95,train
LEAF_BROW_10246.jpg,Brown_Spot,1,0.5412,0.2186,0.2209,40.63,test
LEAF_HEAL_10247.jpg,Healthy_Leaf,3,0.7033,0.0582,0.0,13.5,train
LEAF_BACT_10248.jpg,Bacterial_Blight,0,0.6631,0.3723,0.3991,35.46,train
LEAF_HEAL_10249.jpg,Healthy_Leaf,3,0.7214,0.0576,0.0,14.02,train
LEAF_BROW_10250.jpg,Brown_Spot,1,0.4926,0.2492,0.2718,40.22,train
LEAF_LEAF_10251.jpg,Leaf_Blast,2,0.3705,0.2978,0.1736,66.42,val
LEAF_BACT_10252.jpg,Bacterial_Blight,0,0.3846,0.3776,0.4135,33.69,train
LEAF_BROW_10253.jpg,Brown_Spot,1,0.4588,0.1362,0.2371,46.24,test
LEAF_HEAL_10254.jpg,Healthy_Leaf,3,0.8371,0.0176,0.0,9.3,val
LEAF_BACT_10255.jpg,Bacterial_Blight,0,0.4475,0.3747,0.3937,45.05,test
LEAF_LEAF_10256.jpg,Leaf_Blast,2,0.5472,0.2552,0.3652,43.66,val
LEAF_LEAF_10257.jpg,Leaf_Blast,2,0.455,0.284,0.3581,53.66,train
LEAF_BACT_10258.jpg,Bacterial_Blight,0,0.4436,0.3319,0.4239,33.1,val
LEAF_HEAL_10259.jpg,Healthy_Leaf,3,0.7136,0.031,0.0,11.63,train
LEAF_HEAL_10260.jpg,Healthy_Leaf,3,0.7409,0.0576,0.0,13.71,train
LEAF_BACT_10261.jpg,Bacterial_Blight,0,0.5849,0.3969,0.246,41.21,train
LEAF_BACT_10262.jpg,Bacterial_Blight,0,0.578,0.4673,0.4639,41.73,train
LEAF_BACT_10263.jpg,Bacterial_Blight,0,0.5275,0.4134,0.3032,35.03,train
LEAF_BROW_10264.jpg,Brown_Spot,1,0.4303,0.279,0.2289,42.1,train
LEAF_TUNG_10265.jpg,Tungro_Virus,4,0.3001,0.4728,0.5413,29.22,val
LEAF_TUNG_10266.jpg,Tungro_Virus,4,0.336,0.647,0.3686,32.85,val
LEAF_HEAL_10267.jpg,Healthy_Leaf,3,0.773,0.0192,0.0,13.51,train
LEAF_TUNG_10268.jpg,Tungro_Virus,4,0.3143,0.5731,0.5313,30.31,train
LEAF_LEAF_10269.jpg,Leaf_Blast,2,0.4896,0.3507,0.557,59.53,train
LEAF_BROW_10270.jpg,Brown_Spot,1,0.6468,0.2812,0.2397,50.4,val
LEAF_BACT_10271.jpg,Bacterial_Blight,0,0.46,0.3788,0.3863,33.37,test
LEAF_BACT_10272.jpg,Bacterial_Blight,0,0.583,0.3546,0.3409,31.0,val
LEAF_LEAF_10273.jpg,Leaf_Blast,2,0.4088,0.2223,0.375,62.18,train
LEAF_HEAL_10274.jpg,Healthy_Leaf,3,0.7075,0.0179,0.0,11.59,test
LEAF_TUNG_10275.jpg,Tungro_Virus,4,0.2708,0.5146,0.2406,30.36,train
LEAF_BROW_10276.jpg,Brown_Spot,1,0.5437,0.3341,0.1749,52.0,train
LEAF_LEAF_10277.jpg,Leaf_Blast,2,0.4042,0.455,0.3234,52.89,train
LEAF_LEAF_10278.jpg,Leaf_Blast,2,0.395,0.4142,0.4361,47.63,val
LEAF_LEAF_10279.jpg,Leaf_Blast,2,0.5162,0.3781,0.2916,58.63,train
LEAF_BROW_10280.jpg,Brown_Spot,1,0.5677,0.2284,0.1668,39.94,train
LEAF_LEAF_10281.jpg,Leaf_Blast,2,0.4392,0.3133,0.4019,65.03,val
LEAF_BACT_10282.jpg,Bacterial_Blight,0,0.3939,0.4488,0.2957,43.99,train
LEAF_BACT_10283.jpg,Bacterial_Blight,0,0.325,0.2954,0.226,35.36,train
LEAF_BROW_10284.jpg,Brown_Spot,1,0.574,0.3016,0.2083,42.79,val
LEAF_LEAF_10285.jpg,Leaf_Blast,2,0.4821,0.2222,0.3454,53.44,train
LEAF_BROW_10286.jpg,Brown_Spot,1,0.4935,0.295,0.2667,47.13,train
LEAF_HEAL_10287.jpg,Healthy_Leaf,3,0.7251,0.0471,0.0,12.74,train
LEAF_BACT_10288.jpg,Bacterial_Blight,0,0.4019,0.3265,0.3484,36.89,train
LEAF_BROW_10289.jpg,Brown_Spot,1,0.4987,0.3284,0.1884,44.92,train
LEAF_TUNG_10290.jpg,Tungro_Virus,4,0.3261,0.4895,0.2737,23.89,test
LEAF_BACT_10291.jpg,Bacterial_Blight,0,0.4998,0.3852,0.3762,38.48,train
LEAF_BROW_10292.jpg,Brown_Spot,1,0.5819,0.204,0.1534,48.4,train
LEAF_LEAF_10293.jpg,Leaf_Blast,2,0.4564,0.3244,0.2772,49.79,train
LEAF_BROW_10294.jpg,Brown_Spot,1,0.5643,0.2275,0.2811,60.98,train
LEAF_TUNG_10295.jpg,Tungro_Virus,4,0.3023,0.5922,0.4879,35.25,train
LEAF_LEAF_10296.jpg,Leaf_Blast,2,0.3487,0.2959,0.3096,66.07,train
LEAF_HEAL_10297.jpg,Healthy_Leaf,3,0.7445,0.0415,0.0,15.29,train
LEAF_BACT_10298.jpg,Bacterial_Blight,0,0.4846,0.3423,0.3682,34.45,train
LEAF_HEAL_10299.jpg,Healthy_Leaf,3,0.7545,0.0111,0.0,12.69,test
LEAF_TUNG_10300.jpg,Tungro_Virus,4,0.2984,0.6209,0.4817,27.87,val
LEAF_BACT_10301.jpg,Bacterial_Blight,0,0.4751,0.3358,0.3267,42.41,train
LEAF_BACT_10302.jpg,Bacterial_Blight,0,0.5631,0.4103,0.4248,35.16,test
LEAF_BACT_10303.jpg,Bacterial_Blight,0,0.3335,0.392,0.349,44.84,train
LEAF_HEAL_10304.jpg,Healthy_Leaf,3,0.8183,0.0362,0.0,10.06,train
LEAF_HEAL_10305.jpg,Healthy_Leaf,3,0.7859,0.0567,0.0,11.64,test
LEAF_BROW_10306.jpg,Brown_Spot,1,0.4817,0.2242,0.2379,49.57,train
LEAF_BROW_10307.jpg,Brown_Spot,1,0.4685,0.2602,0.2315,46.45,train
LEAF_TUNG_10308.jpg,Tungro_Virus,4,0.3359,0.5764,0.5649,33.73,train
LEAF_TUNG_10309.jpg,Tungro_Virus,4,0.2487,0.5596,0.4533,26.93,train
LEAF_HEAL_10310.jpg,Healthy_Leaf,3,0.7397,0.0519,0.0,13.04,train
LEAF_HEAL_10311.jpg,Healthy_Leaf,3,0.7952,0.0339,0.0,8.59,val
LEAF_LEAF_10312.jpg,Leaf_Blast,2,0.4427,0.1432,0.3051,58.95,train
LEAF_HEAL_10313.jpg,Healthy_Leaf,3,0.7517,0.0318,0.0,11.17,val
LEAF_HEAL_10314.jpg,Healthy_Leaf,3,0.6785,0.0096,0.0,14.99,val
LEAF_LEAF_10315.jpg,Leaf_Blast,2,0.453,0.3095,0.3835,46.47,train
LEAF_HEAL_10316.jpg,Healthy_Leaf,3,0.7599,0.0505,0.0,11.48,train
LEAF_HEAL_10317.jpg,Healthy_Leaf,3,0.8189,0.0013,0.0,12.75,train
LEAF_BACT_10318.jpg,Bacterial_Blight,0,0.5623,0.301,0.3779,41.34,train
LEAF_BROW_10319.jpg,Brown_Spot,1,0.5391,0.2825,0.162,45.9,train
LEAF_LEAF_10320.jpg,Leaf_Blast,2,0.4613,0.377,0.3728,51.56,train
LEAF_BROW_10321.jpg,Brown_Spot,1,0.5045,0.2711,0.1939,49.5,test
LEAF_HEAL_10322.jpg,Healthy_Leaf,3,0.8244,0.0295,0.0,13.82,train
LEAF_HEAL_10323.jpg,Healthy_Leaf,3,0.7607,0.0218,0.0,12.68,train
LEAF_BACT_10324.jpg,Bacterial_Blight,0,0.3292,0.3622,0.1915,41.9,train
LEAF_HEAL_10325.jpg,Healthy_Leaf,3,0.8014,0.058,0.0,14.3,train
LEAF_BACT_10326.jpg,Bacterial_Blight,0,0.4972,0.4241,0.2681,38.42,test
LEAF_TUNG_10327.jpg,Tungro_Virus,4,0.292,0.5213,0.4536,29.39,train
LEAF_BACT_10328.jpg,Bacterial_Blight,0,0.5731,0.3959,0.3714,41.27,train
LEAF_BROW_10329.jpg,Brown_Spot,1,0.7081,0.3237,0.1989,50.31,train
LEAF_LEAF_10330.jpg,Leaf_Blast,2,0.4684,0.3855,0.5075,44.9,train
LEAF_BACT_10331.jpg,Bacterial_Blight,0,0.5426,0.3646,0.1278,40.12,train
LEAF_HEAL_10332.jpg,Healthy_Leaf,3,0.7872,0.0858,0.0,12.71,train
LEAF_BROW_10333.jpg,Brown_Spot,1,0.4892,0.1396,0.2068,32.59,train
LEAF_LEAF_10334.jpg,Leaf_Blast,2,0.3785,0.2531,0.3316,52.05,train
LEAF_BACT_10335.jpg,Bacterial_Blight,0,0.5668,0.3453,0.3584,51.65,train
LEAF_TUNG_10336.jpg,Tungro_Virus,4,0.2733,0.5645,0.3614,29.07,train
LEAF_LEAF_10337.jpg,Leaf_Blast,2,0.4485,0.3753,0.3141,47.43,train
LEAF_BROW_10338.jpg,Brown_Spot,1,0.5782,0.2409,0.2663,54.19,train
LEAF_HEAL_10339.jpg,Healthy_Leaf,3,0.7872,0.0277,0.0,11.08,train
LEAF_LEAF_10340.jpg,Leaf_Blast,2,0.4774,0.2378,0.3224,62.65,train
LEAF_BACT_10341.jpg,Bacterial_Blight,0,0.4407,0.4107,0.3065,44.13,train
LEAF_LEAF_10342.jpg,Leaf_Blast,2,0.5426,0.3145,0.4183,54.67,train
LEAF_TUNG_10343.jpg,Tungro_Virus,4,0.3582,0.5847,0.3755,21.21,train
LEAF_LEAF_10344.jpg,Leaf_Blast,2,0.3984,0.1628,0.4159,57.99,val
LEAF_HEAL_10345.jpg,Healthy_Leaf,3,0.8444,0.0768,0.0,11.01,train
LEAF_BROW_10346.jpg,Brown_Spot,1,0.5014,0.3217,0.2517,47.93,test
LEAF_TUNG_10347.jpg,Tungro_Virus,4,0.2108,0.5245,0.2664,32.68,train
LEAF_HEAL_10348.jpg,Healthy_Leaf,3,0.7307,0.0696,0.0,11.99,train
LEAF_TUNG_10349.jpg,Tungro_Virus,4,0.2471,0.5028,0.407,28.2,train
LEAF_BROW_10350.jpg,Brown_Spot,1,0.5087,0.2425,0.1772,51.66,train
LEAF_BROW_10351.jpg,Brown_Spot,1,0.4372,0.3446,0.1923,44.72,train
LEAF_LEAF_10352.jpg,Leaf_Blast,2,0.3583,0.2929,0.3868,44.31,train
LEAF_HEAL_10353.jpg,Healthy_Leaf,3,0.7619,0.0039,0.0,11.79,test
LEAF_BACT_10354.jpg,Bacterial_Blight,0,0.4725,0.3937,0.3392,42.52,val
LEAF_TUNG_10355.jpg,Tungro_Virus,4,0.2276,0.4611,0.5029,19.84,train
LEAF_LEAF_10356.jpg,Leaf_Blast,2,0.5758,0.3175,0.3303,60.59,train
LEAF_BROW_10357.jpg,Brown_Spot,1,0.4317,0.2067,0.2237,47.96,train
LEAF_LEAF_10358.jpg,Leaf_Blast,2,0.4363,0.2224,0.3315,68.34,train
LEAF_TUNG_10359.jpg,Tungro_Virus,4,0.3375,0.652,0.6461,32.51,train
LEAF_BROW_10360.jpg,Brown_Spot,1,0.5179,0.2216,0.1285,46.45,test
LEAF_TUNG_10361.jpg,Tungro_Virus,4,0.336,0.7215,0.4138,29.12,val
LEAF_BROW_10362.jpg,Brown_Spot,1,0.5113,0.1914,0.2192,47.34,test
LEAF_LEAF_10363.jpg,Leaf_Blast,2,0.3342,0.241,0.4076,46.92,train
LEAF_LEAF_10364.jpg,Leaf_Blast,2,0.6673,0.2811,0.4575,49.64,val
LEAF_LEAF_10365.jpg,Leaf_Blast,2,0.5433,0.2857,0.3378,59.02,train
LEAF_LEAF_10366.jpg,Leaf_Blast,2,0.6066,0.2831,0.4357,59.71,train
LEAF_BROW_10367.jpg,Brown_Spot,1,0.6002,0.2234,0.1663,40.9,test
LEAF_BACT_10368.jpg,Bacterial_Blight,0,0.4372,0.4314,0.3612,41.58,train
LEAF_HEAL_10369.jpg,Healthy_Leaf,3,0.8149,0.0636,0.0,13.67,train
LEAF_BACT_10370.jpg,Bacterial_Blight,0,0.516,0.3308,0.3181,29.8,train
LEAF_BROW_10371.jpg,Brown_Spot,1,0.4057,0.2553,0.2119,45.18,train
LEAF_BACT_10372.jpg,Bacterial_Blight,0,0.5287,0.4673,0.3202,37.1,train
LEAF_BROW_10373.jpg,Brown_Spot,1,0.5258,0.2001,0.1742,50.24,test
LEAF_BROW_10374.jpg,Brown_Spot,1,0.4759,0.2361,0.258,35.76,train
LEAF_TUNG_10375.jpg,Tungro_Virus,4,0.312,0.4478,0.5703,24.58,test
LEAF_LEAF_10376.jpg,Leaf_Blast,2,0.4768,0.4531,0.2339,47.46,train
LEAF_BROW_10377.jpg,Brown_Spot,1,0.5332,0.2922,0.2536,46.42,train
LEAF_BACT_10378.jpg,Bacterial_Blight,0,0.5896,0.3357,0.3912,28.83,train
LEAF_LEAF_10379.jpg,Leaf_Blast,2,0.4478,0.2562,0.3514,58.69,train
LEAF_HEAL_10380.jpg,Healthy_Leaf,3,0.7284,0.0228,0.0,14.75,train
LEAF_BROW_10381.jpg,Brown_Spot,1,0.571,0.2256,0.2816,41.02,test
LEAF_BROW_10382.jpg,Brown_Spot,1,0.5042,0.2878,0.2161,56.89,train
LEAF_LEAF_10383.jpg,Leaf_Blast,2,0.4918,0.2429,0.3672,52.48,val
LEAF_TUNG_10384.jpg,Tungro_Virus,4,0.2567,0.6647,0.4703,26.86,train
LEAF_BACT_10385.jpg,Bacterial_Blight,0,0.5126,0.3725,0.1,38.08,train
LEAF_BACT_10386.jpg,Bacterial_Blight,0,0.3676,0.295,0.4188,36.4,test
LEAF_BACT_10387.jpg,Bacterial_Blight,0,0.4504,0.5062,0.2982,39.83,train
LEAF_LEAF_10388.jpg,Leaf_Blast,2,0.3906,0.2707,0.4647,57.67,train
LEAF_LEAF_10389.jpg,Leaf_Blast,2,0.5738,0.2467,0.3673,50.96,train
LEAF_BROW_10390.jpg,Brown_Spot,1,0.3979,0.256,0.1285,38.2,train
LEAF_BACT_10391.jpg,Bacterial_Blight,0,0.4626,0.2217,0.3823,25.95,train
LEAF_BACT_10392.jpg,Bacterial_Blight,0,0.523,0.3775,0.4814,39.08,train
LEAF_HEAL_10393.jpg,Healthy_Leaf,3,0.786,0.071,0.0,12.02,train
LEAF_BACT_10394.jpg,Bacterial_Blight,0,0.4954,0.4389,0.2606,27.19,train
LEAF_BACT_10395.jpg,Bacterial_Blight,0,0.5004,0.4393,0.2119,41.35,train
LEAF_BROW_10396.jpg,Brown_Spot,1,0.5674,0.2302,0.2092,40.54,train
LEAF_HEAL_10397.jpg,Healthy_Leaf,3,0.7401,0.0261,0.0,12.42,test
LEAF_TUNG_10398.jpg,Tungro_Virus,4,0.3522,0.5841,0.4294,25.4,train
LEAF_BACT_10399.jpg,Bacterial_Blight,0,0.5071,0.3203,0.3515,45.06,train
LEAF_HEAL_10400.jpg,Healthy_Leaf,3,0.7151,0.0716,0.0,10.16,train
LEAF_TUNG_10401.jpg,Tungro_Virus,4,0.3709,0.559,0.2664,29.32,train
LEAF_BACT_10402.jpg,Bacterial_Blight,0,0.5296,0.3147,0.3075,38.19,train
LEAF_LEAF_10403.jpg,Leaf_Blast,2,0.4968,0.2629,0.3702,57.89,train
LEAF_LEAF_10404.jpg,Leaf_Blast,2,0.4006,0.2605,0.3425,50.59,train
LEAF_BACT_10405.jpg,Bacterial_Blight,0,0.3814,0.4069,0.3497,38.24,train
LEAF_BROW_10406.jpg,Brown_Spot,1,0.5432,0.2142,0.2294,45.98,train
LEAF_HEAL_10407.jpg,Healthy_Leaf,3,0.7821,0.0405,0.0,13.64,test
LEAF_HEAL_10408.jpg,Healthy_Leaf,3,0.7758,0.0151,0.0,10.58,train
LEAF_HEAL_10409.jpg,Healthy_Leaf,3,0.8215,0.0446,0.0,10.09,val
LEAF_LEAF_10410.jpg,Leaf_Blast,2,0.4995,0.2855,0.4066,43.11,train
LEAF_BROW_10411.jpg,Brown_Spot,1,0.5529,0.2857,0.2108,39.76,train
LEAF_LEAF_10412.jpg,Leaf_Blast,2,0.3863,0.3237,0.2818,41.04,test
LEAF_TUNG_10413.jpg,Tungro_Virus,4,0.2394,0.4517,0.4748,28.6,test
LEAF_LEAF_10414.jpg,Leaf_Blast,2,0.5454,0.2585,0.3866,40.94,train
LEAF_HEAL_10415.jpg,Healthy_Leaf,3,0.7445,0.028,0.0,9.45,train
LEAF_BACT_10416.jpg,Bacterial_Blight,0,0.4826,0.3928,0.3048,30.3,train
LEAF_LEAF_10417.jpg,Leaf_Blast,2,0.6087,0.2436,0.4362,57.45,test
LEAF_TUNG_10418.jpg,Tungro_Virus,4,0.3026,0.6929,0.4095,26.56,train
LEAF_LEAF_10419.jpg,Leaf_Blast,2,0.1723,0.2614,0.2576,49.44,train
LEAF_BACT_10420.jpg,Bacterial_Blight,0,0.5155,0.3807,0.3768,44.33,val
LEAF_BROW_10421.jpg,Brown_Spot,1,0.4942,0.3019,0.2644,39.29,test
LEAF_LEAF_10422.jpg,Leaf_Blast,2,0.4838,0.2599,0.2,56.83,train
LEAF_TUNG_10423.jpg,Tungro_Virus,4,0.1665,0.5215,0.3477,23.88,train
LEAF_HEAL_10424.jpg,Healthy_Leaf,3,0.7425,0.0643,0.0,14.14,val
LEAF_BROW_10425.jpg,Brown_Spot,1,0.4456,0.1901,0.2718,48.48,train
LEAF_BROW_10426.jpg,Brown_Spot,1,0.6222,0.164,0.1841,46.37,train
LEAF_HEAL_10427.jpg,Healthy_Leaf,3,0.804,0.0286,0.0,13.64,train
LEAF_BROW_10428.jpg,Brown_Spot,1,0.5274,0.1706,0.2676,50.82,train
LEAF_LEAF_10429.jpg,Leaf_Blast,2,0.5143,0.1384,0.3641,59.57,train
LEAF_TUNG_10430.jpg,Tungro_Virus,4,0.3797,0.667,0.5424,26.31,val
LEAF_BACT_10431.jpg,Bacterial_Blight,0,0.5341,0.3021,0.2222,43.29,train
LEAF_TUNG_10432.jpg,Tungro_Virus,4,0.3763,0.3887,0.4425,29.82,val
LEAF_BROW_10433.jpg,Brown_Spot,1,0.4826,0.247,0.2473,49.64,val
LEAF_LEAF_10434.jpg,Leaf_Blast,2,0.3699,0.4273,0.3536,50.33,val
LEAF_LEAF_10435.jpg,Leaf_Blast,2,0.4715,0.2303,0.3248,44.18,test
LEAF_HEAL_10436.jpg,Healthy_Leaf,3,0.7294,0.027,0.0,14.04,train
LEAF_LEAF_10437.jpg,Leaf_Blast,2,0.4556,0.2552,0.2598,44.29,train
LEAF_LEAF_10438.jpg,Leaf_Blast,2,0.5474,0.2392,0.2883,50.94,val
LEAF_BROW_10439.jpg,Brown_Spot,1,0.6469,0.2171,0.1941,44.02,train
LEAF_TUNG_10440.jpg,Tungro_Virus,4,0.4032,0.6717,0.3315,30.08,train
LEAF_HEAL_10441.jpg,Healthy_Leaf,3,0.7653,0.0294,0.0,11.49,test
LEAF_BACT_10442.jpg,Bacterial_Blight,0,0.3465,0.3003,0.3262,45.57,val
LEAF_BROW_10443.jpg,Brown_Spot,1,0.4771,0.1946,0.1203,40.03,train
LEAF_BROW_10444.jpg,Brown_Spot,1,0.4736,0.2974,0.1428,45.53,train
LEAF_BACT_10445.jpg,Bacterial_Blight,0,0.5117,0.375,0.3349,38.99,train
LEAF_LEAF_10446.jpg,Leaf_Blast,2,0.385,0.3833,0.4412,40.98,train
LEAF_LEAF_10447.jpg,Leaf_Blast,2,0.5241,0.285,0.3749,63.65,train
LEAF_BROW_10448.jpg,Brown_Spot,1,0.5707,0.2522,0.2046,43.04,test
LEAF_BROW_10449.jpg,Brown_Spot,1,0.4064,0.2307,0.2452,39.81,val
LEAF_TUNG_10450.jpg,Tungro_Virus,4,0.3115,0.4516,0.4061,34.71,train
LEAF_LEAF_10451.jpg,Leaf_Blast,2,0.4106,0.4098,0.4661,57.65,train
LEAF_BACT_10452.jpg,Bacterial_Blight,0,0.4021,0.4016,0.3654,34.51,train
LEAF_BACT_10453.jpg,Bacterial_Blight,0,0.4104,0.4823,0.2959,46.07,train
LEAF_TUNG_10454.jpg,Tungro_Virus,4,0.3798,0.6126,0.4953,22.4,train
LEAF_HEAL_10455.jpg,Healthy_Leaf,3,0.7903,0.0431,0.0,15.92,train
LEAF_BROW_10456.jpg,Brown_Spot,1,0.5308,0.2883,0.1169,46.71,train
LEAF_TUNG_10457.jpg,Tungro_Virus,4,0.3864,0.6313,0.6641,25.0,train
LEAF_HEAL_10458.jpg,Healthy_Leaf,3,0.6992,-0.0007,0.0,13.58,train
LEAF_HEAL_10459.jpg,Healthy_Leaf,3,0.7892,0.0304,0.0,8.95,train
LEAF_BROW_10460.jpg,Brown_Spot,1,0.4717,0.2502,0.2676,44.9,train
LEAF_HEAL_10461.jpg,Healthy_Leaf,3,0.8675,0.0196,0.0,11.1,train
LEAF_BACT_10462.jpg,Bacterial_Blight,0,0.4406,0.4126,0.2369,38.68,train
LEAF_BACT_10463.jpg,Bacterial_Blight,0,0.4932,0.3195,0.2306,38.5,train
LEAF_BROW_10464.jpg,Brown_Spot,1,0.4038,0.3024,0.192,40.99,test
LEAF_TUNG_10465.jpg,Tungro_Virus,4,0.3803,0.4884,0.3137,30.83,test
LEAF_BACT_10466.jpg,Bacterial_Blight,0,0.4807,0.4439,0.1488,31.0,test
LEAF_HEAL_10467.jpg,Healthy_Leaf,3,0.7807,0.0435,0.0,12.83,val
LEAF_BROW_10468.jpg,Brown_Spot,1,0.4428,0.268,0.1607,48.21,train
LEAF_BROW_10469.jpg,Brown_Spot,1,0.5278,0.3372,0.2031,47.55,train
LEAF_BACT_10470.jpg,Bacterial_Blight,0,0.4885,0.2884,0.2066,41.0,train
LEAF_BROW_10471.jpg,Brown_Spot,1,0.4684,0.2151,0.2268,47.67,train
LEAF_BROW_10472.jpg,Brown_Spot,1,0.6139,0.1335,0.2852,51.33,train
LEAF_LEAF_10473.jpg,Leaf_Blast,2,0.5312,0.2831,0.3994,67.53,train
LEAF_LEAF_10474.jpg,Leaf_Blast,2,0.4231,0.2447,0.389,46.36,train
LEAF_BROW_10475.jpg,Brown_Spot,1,0.5108,0.2588,0.0589,46.56,train
LEAF_HEAL_10476.jpg,Healthy_Leaf,3,0.7777,0.0247,0.0,16.56,train
LEAF_BROW_10477.jpg,Brown_Spot,1,0.5871,0.3122,0.2279,47.17,train
LEAF_BROW_10478.jpg,Brown_Spot,1,0.5437,0.2381,0.3058,47.0,test
LEAF_LEAF_10479.jpg,Leaf_Blast,2,0.4262,0.2871,0.2872,50.07,train
LEAF_TUNG_10480.jpg,Tungro_Virus,4,0.3764,0.5953,0.394,27.22,val
LEAF_BROW_10481.jpg,Brown_Spot,1,0.4736,0.1961,0.1787,37.47,train
LEAF_BROW_10482.jpg,Brown_Spot,1,0.417,0.3381,0.203,52.74,train
LEAF_BACT_10483.jpg,Bacterial_Blight,0,0.5574,0.3675,0.4888,39.34,train
LEAF_HEAL_10484.jpg,Healthy_Leaf,3,0.8557,0.0679,0.0,13.33,val
LEAF_HEAL_10485.jpg,Healthy_Leaf,3,0.7228,0.0411,0.0,14.65,val
LEAF_BACT_10486.jpg,Bacterial_Blight,0,0.6021,0.3891,0.3106,39.78,val
LEAF_LEAF_10487.jpg,Leaf_Blast,2,0.4674,0.3549,0.378,65.05,train
LEAF_LEAF_10488.jpg,Leaf_Blast,2,0.5388,0.2309,0.434,47.59,train
LEAF_BACT_10489.jpg,Bacterial_Blight,0,0.3994,0.431,0.3075,31.14,train
LEAF_HEAL_10490.jpg,Healthy_Leaf,3,0.7816,0.0631,0.0,11.66,train
LEAF_HEAL_10491.jpg,Healthy_Leaf,3,0.8263,0.018,0.0,12.7,train
LEAF_BROW_10492.jpg,Brown_Spot,1,0.5163,0.2091,0.1834,38.92,train
LEAF_BROW_10493.jpg,Brown_Spot,1,0.5691,0.3022,0.2522,49.28,train
LEAF_BACT_10494.jpg,Bacterial_Blight,0,0.5408,0.323,0.4348,35.7,train
LEAF_BACT_10495.jpg,Bacterial_Blight,0,0.4747,0.36,0.3593,35.31,train
LEAF_BROW_10496.jpg,Brown_Spot,1,0.5247,0.2835,0.2025,42.19,train
LEAF_BACT_10497.jpg,Bacterial_Blight,0,0.5316,0.4497,0.2551,39.84,test
LEAF_BROW_10498.jpg,Brown_Spot,1,0.5421,0.2451,0.1898,52.29,train
LEAF_BROW_10499.jpg,Brown_Spot,1,0.4782,0.1899,0.2615,53.01,train
LEAF_HEAL_10500.jpg,Healthy_Leaf,3,0.8115,0.0614,0.0,16.54,train
LEAF_TUNG_10501.jpg,Tungro_Virus,4,0.418,0.7204,0.6269,26.03,train
LEAF_BROW_10502.jpg,Brown_Spot,1,0.5693,0.258,0.2076,48.36,train
LEAF_BACT_10503.jpg,Bacterial_Blight,0,0.5695,0.413,0.3753,45.99,train
LEAF_LEAF_10504.jpg,Leaf_Blast,2,0.5452,0.382,0.4002,50.88,train
LEAF_LEAF_10505.jpg,Leaf_Blast,2,0.539,0.3754,0.2319,58.07,train
LEAF_LEAF_10506.jpg,Leaf_Blast,2,0.3535,0.3261,0.3142,64.74,train
LEAF_HEAL_10507.jpg,Healthy_Leaf,3,0.8062,0.0666,0.0,14.19,val
LEAF_TUNG_10508.jpg,Tungro_Virus,4,0.35,0.5016,0.7562,23.59,train
LEAF_BROW_10509.jpg,Brown_Spot,1,0.4981,0.2576,0.2659,34.57,train
LEAF_BACT_10510.jpg,Bacterial_Blight,0,0.569,0.3316,0.3081,42.66,test
LEAF_HEAL_10511.jpg,Healthy_Leaf,3,0.7931,0.0486,0.0,11.82,test
LEAF_BACT_10512.jpg,Bacterial_Blight,0,0.4084,0.4398,0.3431,38.37,train
LEAF_HEAL_10513.jpg,Healthy_Leaf,3,0.7709,0.0303,0.0,13.19,test
LEAF_BACT_10514.jpg,Bacterial_Blight,0,0.5047,0.34,0.3058,34.7,train
LEAF_BROW_10515.jpg,Brown_Spot,1,0.4707,0.1649,0.1922,41.32,train
LEAF_BROW_10516.jpg,Brown_Spot,1,0.5936,0.2309,0.1852,53.22,train
LEAF_BACT_10517.jpg,Bacterial_Blight,0,0.3889,0.3572,0.3466,42.41,train
LEAF_BACT_10518.jpg,Bacterial_Blight,0,0.4496,0.2649,0.308,44.76,train
LEAF_LEAF_10519.jpg,Leaf_Blast,2,0.4726,0.2184,0.3516,42.02,train
LEAF_BACT_10520.jpg,Bacterial_Blight,0,0.5425,0.2669,0.2885,32.07,val
LEAF_LEAF_10521.jpg,Leaf_Blast,2,0.2642,0.3791,0.4114,49.1,train
LEAF_HEAL_10522.jpg,Healthy_Leaf,3,0.8203,0.0163,0.0,11.5,train
LEAF_HEAL_10523.jpg,Healthy_Leaf,3,0.6138,0.0106,0.0,11.65,test
LEAF_BROW_10524.jpg,Brown_Spot,1,0.5925,0.2237,0.1021,42.05,train
LEAF_TUNG_10525.jpg,Tungro_Virus,4,0.3407,0.601,0.3245,26.6,train
LEAF_BROW_10526.jpg,Brown_Spot,1,0.7079,0.1452,0.2718,39.65,train
LEAF_BACT_10527.jpg,Bacterial_Blight,0,0.5122,0.3255,0.2628,40.21,train
LEAF_TUNG_10528.jpg,Tungro_Virus,4,0.2942,0.5854,0.4945,26.6,val
LEAF_BROW_10529.jpg,Brown_Spot,1,0.4503,0.2558,0.1693,47.41,train
LEAF_HEAL_10530.jpg,Healthy_Leaf,3,0.8034,0.0264,0.0,11.15,test
LEAF_BROW_10531.jpg,Brown_Spot,1,0.5407,0.2688,0.3012,49.13,train
LEAF_LEAF_10532.jpg,Leaf_Blast,2,0.3928,0.2817,0.4246,51.81,train
LEAF_BROW_10533.jpg,Brown_Spot,1,0.4741,0.2134,0.2158,50.34,train
LEAF_HEAL_10534.jpg,Healthy_Leaf,3,0.7778,0.0157,0.0,16.38,test
LEAF_HEAL_10535.jpg,Healthy_Leaf,3,0.7099,0.0634,0.0,11.77,train
LEAF_BACT_10536.jpg,Bacterial_Blight,0,0.4321,0.3134,0.5128,39.11,test
LEAF_LEAF_10537.jpg,Leaf_Blast,2,0.3979,0.3001,0.3551,48.41,train
LEAF_HEAL_10538.jpg,Healthy_Leaf,3,0.7023,0.034,0.0,13.0,train
LEAF_BACT_10539.jpg,Bacterial_Blight,0,0.4085,0.4533,0.281,45.15,train
LEAF_HEAL_10540.jpg,Healthy_Leaf,3,0.7493,0.0551,0.0,10.26,train
LEAF_TUNG_10541.jpg,Tungro_Virus,4,0.2816,0.5667,0.6034,28.55,train
LEAF_BROW_10542.jpg,Brown_Spot,1,0.5554,0.2598,0.2617,36.23,train
LEAF_BROW_10543.jpg,Brown_Spot,1,0.5432,0.2767,0.1622,39.11,test
LEAF_BACT_10544.jpg,Bacterial_Blight,0,0.5593,0.4423,0.2329,31.6,train
LEAF_BROW_10545.jpg,Brown_Spot,1,0.4626,0.1874,0.1919,38.07,test
LEAF_BACT_10546.jpg,Bacterial_Blight,0,0.3924,0.3979,0.3156,40.42,train
LEAF_BROW_10547.jpg,Brown_Spot,1,0.6653,0.2314,0.2695,49.9,train
LEAF_TUNG_10548.jpg,Tungro_Virus,4,0.354,0.6359,0.5135,23.53,train
LEAF_BROW_10549.jpg,Brown_Spot,1,0.5011,0.2797,0.1537,50.54,train
LEAF_BACT_10550.jpg,Bacterial_Blight,0,0.4131,0.2669,0.3383,46.56,train
LEAF_LEAF_10551.jpg,Leaf_Blast,2,0.5124,0.1863,0.2412,50.33,train
LEAF_LEAF_10552.jpg,Leaf_Blast,2,0.4278,0.3501,0.4267,60.76,test
LEAF_HEAL_10553.jpg,Healthy_Leaf,3,0.8755,0.0562,0.0,12.07,train
LEAF_BACT_10554.jpg,Bacterial_Blight,0,0.5487,0.408,0.3605,38.89,train
LEAF_BACT_10555.jpg,Bacterial_Blight,0,0.407,0.3889,0.2656,40.12,train
LEAF_BACT_10556.jpg,Bacterial_Blight,0,0.6465,0.2753,0.3666,37.67,train
LEAF_BACT_10557.jpg,Bacterial_Blight,0,0.5161,0.3878,0.2959,30.4,train
LEAF_BROW_10558.jpg,Brown_Spot,1,0.5036,0.1567,0.2817,47.58,train
LEAF_BROW_10559.jpg,Brown_Spot,1,0.5503,0.3077,0.1889,38.53,train
LEAF_LEAF_10560.jpg,Leaf_Blast,2,0.3991,0.3864,0.3442,48.11,val
LEAF_HEAL_10561.jpg,Healthy_Leaf,3,0.7149,0.0242,0.0,8.03,train
LEAF_TUNG_10562.jpg,Tungro_Virus,4,0.3402,0.7366,0.4473,25.94,train
LEAF_BACT_10563.jpg,Bacterial_Blight,0,0.4928,0.3832,0.4579,40.5,train
LEAF_BROW_10564.jpg,Brown_Spot,1,0.5387,0.2046,0.2308,47.92,train
LEAF_BROW_10565.jpg,Brown_Spot,1,0.367,0.3072,0.2442,47.57,train
LEAF_BROW_10566.jpg,Brown_Spot,1,0.4874,0.2356,0.1558,34.28,train
LEAF_HEAL_10567.jpg,Healthy_Leaf,3,0.7717,0.0264,0.0,11.75,val
LEAF_BACT_10568.jpg,Bacterial_Blight,0,0.452,0.308,0.2966,38.77,train
LEAF_LEAF_10569.jpg,Leaf_Blast,2,0.5315,0.3247,0.327,61.59,train
LEAF_HEAL_10570.jpg,Healthy_Leaf,3,0.8515,0.0798,0.0,13.2,train
LEAF_HEAL_10571.jpg,Healthy_Leaf,3,0.7651,0.0455,0.0,12.8,val
LEAF_BROW_10572.jpg,Brown_Spot,1,0.6078,0.2866,0.2072,48.93,train
LEAF_LEAF_10573.jpg,Leaf_Blast,2,0.4121,0.3471,0.1912,50.42,train
LEAF_BACT_10574.jpg,Bacterial_Blight,0,0.4732,0.4705,0.2646,44.54,val
LEAF_TUNG_10575.jpg,Tungro_Virus,4,0.2493,0.6877,0.4026,28.29,train
LEAF_HEAL_10576.jpg,Healthy_Leaf,3,0.7632,0.0489,0.0,10.2,train
LEAF_BROW_10577.jpg,Brown_Spot,1,0.3626,0.3131,0.2003,42.97,train
LEAF_HEAL_10578.jpg,Healthy_Leaf,3,0.738,0.0355,0.0,10.23,train
LEAF_BACT_10579.jpg,Bacterial_Blight,0,0.5075,0.3576,0.2794,35.03,train
LEAF_LEAF_10580.jpg,Leaf_Blast,2,0.4415,0.2749,0.3427,50.72,val
LEAF_BROW_10581.jpg,Brown_Spot,1,0.5222,0.2548,0.1898,47.07,train
LEAF_BROW_10582.jpg,Brown_Spot,1,0.5148,0.199,0.2761,43.55,train
LEAF_BACT_10583.jpg,Bacterial_Blight,0,0.5424,0.4526,0.2985,35.05,train
LEAF_HEAL_10584.jpg,Healthy_Leaf,3,0.8128,0.0003,0.0,11.28,test
LEAF_BACT_10585.jpg,Bacterial_Blight,0,0.5342,0.3335,0.3191,34.71,train
LEAF_BROW_10586.jpg,Brown_Spot,1,0.5671,0.1315,0.2351,37.88,val
LEAF_HEAL_10587.jpg,Healthy_Leaf,3,0.7714,0.0366,0.0,10.89,train
LEAF_HEAL_10588.jpg,Healthy_Leaf,3,0.7127,0.0714,0.0,10.78,train
LEAF_LEAF_10589.jpg,Leaf_Blast,2,0.4919,0.2772,0.3219,56.27,train
LEAF_BROW_10590.jpg,Brown_Spot,1,0.5733,0.1927,0.251,50.84,val
LEAF_BROW_10591.jpg,Brown_Spot,1,0.5537,0.2152,0.3041,38.15,train
LEAF_BACT_10592.jpg,Bacterial_Blight,0,0.5284,0.4469,0.4042,39.12,train
LEAF_LEAF_10593.jpg,Leaf_Blast,2,0.3449,0.4237,0.1848,46.51,train
LEAF_TUNG_10594.jpg,Tungro_Virus,4,0.3757,0.6234,0.597,29.18,train
LEAF_HEAL_10595.jpg,Healthy_Leaf,3,0.8132,0.0255,0.0,13.67,train
LEAF_BACT_10596.jpg,Bacterial_Blight,0,0.4483,0.3528,0.3916,42.51,train
LEAF_HEAL_10597.jpg,Healthy_Leaf,3,0.8644,0.0056,0.0,16.16,train
LEAF_HEAL_10598.jpg,Healthy_Leaf,3,0.8164,0.0193,0.0,13.74,val
LEAF_BACT_10599.jpg,Bacterial_Blight,0,0.3747,0.4444,0.346,36.57,test
LEAF_BROW_10600.jpg,Brown_Spot,1,0.372,0.2342,0.2186,43.89,train
LEAF_LEAF_10601.jpg,Leaf_Blast,2,0.4243,0.401,0.1514,48.18,train
LEAF_TUNG_10602.jpg,Tungro_Virus,4,0.2678,0.7098,0.6451,24.91,train
LEAF_LEAF_10603.jpg,Leaf_Blast,2,0.45,0.344,0.3284,44.53,val
LEAF_BROW_10604.jpg,Brown_Spot,1,0.5004,0.3451,0.2347,45.67,train
LEAF_HEAL_10605.jpg,Healthy_Leaf,3,0.7876,0.0377,0.0,13.01,train
LEAF_BROW_10606.jpg,Brown_Spot,1,0.5657,0.1931,0.2928,55.41,train
LEAF_HEAL_10607.jpg,Healthy_Leaf,3,0.8383,0.0151,0.0,8.56,train
LEAF_BACT_10608.jpg,Bacterial_Blight,0,0.5367,0.3344,0.343,45.68,val
LEAF_BACT_10609.jpg,Bacterial_Blight,0,0.4274,0.3021,0.2594,38.12,test
LEAF_TUNG_10610.jpg,Tungro_Virus,4,0.302,0.6287,0.7266,28.4,train
LEAF_LEAF_10611.jpg,Leaf_Blast,2,0.3827,0.2028,0.2964,50.02,train
LEAF_BACT_10612.jpg,Bacterial_Blight,0,0.4305,0.3781,0.342,43.34,test
LEAF_LEAF_10613.jpg,Leaf_Blast,2,0.4573,0.2607,0.4413,46.28,train
LEAF_HEAL_10614.jpg,Healthy_Leaf,3,0.6984,0.0242,0.0,11.7,train
LEAF_BACT_10615.jpg,Bacterial_Blight,0,0.6186,0.4222,0.4029,42.1,test
LEAF_LEAF_10616.jpg,Leaf_Blast,2,0.5096,0.4008,0.3086,39.83,train
LEAF_HEAL_10617.jpg,Healthy_Leaf,3,0.7652,0.0352,0.0,17.61,train
LEAF_BACT_10618.jpg,Bacterial_Blight,0,0.4286,0.4508,0.5023,41.29,val
LEAF_BACT_10619.jpg,Bacterial_Blight,0,0.3784,0.4983,0.3184,33.81,train
LEAF_TUNG_10620.jpg,Tungro_Virus,4,0.2552,0.6076,0.5787,24.79,train
LEAF_LEAF_10621.jpg,Leaf_Blast,2,0.5593,0.3419,0.2672,37.82,test
LEAF_BACT_10622.jpg,Bacterial_Blight,0,0.5447,0.3575,0.3076,41.83,train
LEAF_HEAL_10623.jpg,Healthy_Leaf,3,0.8305,0.0685,0.0,11.34,train
LEAF_BROW_10624.jpg,Brown_Spot,1,0.5353,0.2011,0.2147,47.03,train
LEAF_BROW_10625.jpg,Brown_Spot,1,0.4325,0.2511,0.0961,40.88,train
LEAF_BACT_10626.jpg,Bacterial_Blight,0,0.4629,0.4376,0.4467,32.41,train
LEAF_LEAF_10627.jpg,Leaf_Blast,2,0.4638,0.3358,0.57,48.2,train
LEAF_BROW_10628.jpg,Brown_Spot,1,0.4617,0.2319,0.1529,42.85,val
LEAF_BACT_10629.jpg,Bacterial_Blight,0,0.4865,0.3391,0.3997,39.27,train
LEAF_BROW_10630.jpg,Brown_Spot,1,0.5329,0.3195,0.2274,40.25,test
LEAF_BROW_10631.jpg,Brown_Spot,1,0.466,0.228,0.2067,38.1,train
LEAF_BACT_10632.jpg,Bacterial_Blight,0,0.5762,0.399,0.3163,33.84,train
LEAF_HEAL_10633.jpg,Healthy_Leaf,3,0.7447,0.058,0.0,13.62,train
LEAF_BROW_10634.jpg,Brown_Spot,1,0.4631,0.3817,0.2519,46.12,train
LEAF_HEAL_10635.jpg,Healthy_Leaf,3,0.8036,0.0282,0.0,14.19,train
LEAF_BROW_10636.jpg,Brown_Spot,1,0.4315,0.3265,0.2279,41.46,test
LEAF_BROW_10637.jpg,Brown_Spot,1,0.4995,0.1775,0.2396,52.25,train
LEAF_HEAL_10638.jpg,Healthy_Leaf,3,0.8435,0.0443,0.0,14.98,train
LEAF_BROW_10639.jpg,Brown_Spot,1,0.5602,0.2526,0.2546,36.94,train
LEAF_LEAF_10640.jpg,Leaf_Blast,2,0.4904,0.398,0.3999,41.19,train
LEAF_BACT_10641.jpg,Bacterial_Blight,0,0.4906,0.307,0.3032,35.41,train
LEAF_BACT_10642.jpg,Bacterial_Blight,0,0.4361,0.3972,0.1201,26.12,val
LEAF_BACT_10643.jpg,Bacterial_Blight,0,0.4529,0.3363,0.3208,38.63,train
LEAF_TUNG_10644.jpg,Tungro_Virus,4,0.2759,0.6238,0.4569,36.41,train
LEAF_TUNG_10645.jpg,Tungro_Virus,4,0.3558,0.541,0.5321,21.45,train
LEAF_TUNG_10646.jpg,Tungro_Virus,4,0.3272,0.6055,0.4631,26.66,train
LEAF_BACT_10647.jpg,Bacterial_Blight,0,0.399,0.3132,0.4616,24.8,train
LEAF_BROW_10648.jpg,Brown_Spot,1,0.4974,0.2555,0.2504,39.5,train
LEAF_BROW_10649.jpg,Brown_Spot,1,0.5994,0.281,0.2824,36.58,test
LEAF_BACT_10650.jpg,Bacterial_Blight,0,0.6916,0.3262,0.215,40.51,val
LEAF_BROW_10651.jpg,Brown_Spot,1,0.4956,0.1736,0.1179,41.42,val
LEAF_BROW_10652.jpg,Brown_Spot,1,0.5955,0.3101,0.237,47.04,train
LEAF_HEAL_10653.jpg,Healthy_Leaf,3,0.7941,0.035,0.0,10.36,train
LEAF_BROW_10654.jpg,Brown_Spot,1,0.531,0.2503,0.2439,40.03,train
LEAF_BACT_10655.jpg,Bacterial_Blight,0,0.5894,0.3099,0.1098,35.39,train
LEAF_LEAF_10656.jpg,Leaf_Blast,2,0.3556,0.3184,0.5813,42.49,train
LEAF_BACT_10657.jpg,Bacterial_Blight,0,0.5764,0.3426,0.1903,40.17,train
LEAF_LEAF_10658.jpg,Leaf_Blast,2,0.5026,0.358,0.3264,69.09,train
LEAF_BROW_10659.jpg,Brown_Spot,1,0.6467,0.1763,0.1092,45.72,train
LEAF_LEAF_10660.jpg,Leaf_Blast,2,0.5295,0.2364,0.3558,49.48,test
LEAF_BACT_10661.jpg,Bacterial_Blight,0,0.4087,0.3763,0.3882,48.6,train
LEAF_LEAF_10662.jpg,Leaf_Blast,2,0.4469,0.3035,0.4343,53.29,train
LEAF_HEAL_10663.jpg,Healthy_Leaf,3,0.8579,0.0312,0.0,12.79,train
LEAF_BROW_10664.jpg,Brown_Spot,1,0.5779,0.2185,0.175,48.14,train
LEAF_BROW_10665.jpg,Brown_Spot,1,0.3916,0.2137,0.232,36.07,train
LEAF_BROW_10666.jpg,Brown_Spot,1,0.5266,0.3168,0.291,44.36,train
LEAF_HEAL_10667.jpg,Healthy_Leaf,3,0.83,0.0496,0.0,12.9,test
LEAF_HEAL_10668.jpg,Healthy_Leaf,3,0.8125,0.0327,0.0,11.95,train
LEAF_BACT_10669.jpg,Bacterial_Blight,0,0.5161,0.38,0.412,32.34,val
LEAF_HEAL_10670.jpg,Healthy_Leaf,3,0.818,0.0239,0.0,9.11,train
LEAF_TUNG_10671.jpg,Tungro_Virus,4,0.3536,0.595,0.5504,25.2,val
LEAF_HEAL_10672.jpg,Healthy_Leaf,3,0.7752,0.0483,0.0,13.26,val
LEAF_LEAF_10673.jpg,Leaf_Blast,2,0.3843,0.3016,0.2185,47.19,train
LEAF_HEAL_10674.jpg,Healthy_Leaf,3,0.691,0.03,0.0,9.66,train
LEAF_BACT_10675.jpg,Bacterial_Blight,0,0.4888,0.3845,0.4273,34.54,test
LEAF_HEAL_10676.jpg,Healthy_Leaf,3,0.7046,0.0169,0.0,12.45,train
LEAF_BROW_10677.jpg,Brown_Spot,1,0.469,0.2995,0.1848,42.74,test
LEAF_TUNG_10678.jpg,Tungro_Virus,4,0.363,0.5348,0.4923,29.33,train
LEAF_BROW_10679.jpg,Brown_Spot,1,0.5299,0.361,0.2205,38.72,train
LEAF_HEAL_10680.jpg,Healthy_Leaf,3,0.7815,0.0374,0.0,13.18,train
LEAF_HEAL_10681.jpg,Healthy_Leaf,3,0.8208,0.0315,0.0,13.3,val
LEAF_HEAL_10682.jpg,Healthy_Leaf,3,0.7439,0.0511,0.0,11.77,train
LEAF_BACT_10683.jpg,Bacterial_Blight,0,0.4637,0.4884,0.2919,43.25,train
LEAF_HEAL_10684.jpg,Healthy_Leaf,3,0.7128,0.0442,0.0,12.68,train
LEAF_LEAF_10685.jpg,Leaf_Blast,2,0.5945,0.3265,0.384,47.85,val
LEAF_HEAL_10686.jpg,Healthy_Leaf,3,0.7957,0.0204,0.0,15.31,test
LEAF_HEAL_10687.jpg,Healthy_Leaf,3,0.769,0.0214,0.0,12.65,train
LEAF_BROW_10688.jpg,Brown_Spot,1,0.5331,0.2998,0.1762,38.86,train
LEAF_LEAF_10689.jpg,Leaf_Blast,2,0.4258,0.2957,0.3699,42.42,train
LEAF_BROW_10690.jpg,Brown_Spot,1,0.4323,0.2508,0.2829,38.17,test
LEAF_BROW_10691.jpg,Brown_Spot,1,0.5217,0.2607,0.1863,35.68,train
LEAF_HEAL_10692.jpg,Healthy_Leaf,3,0.8673,0.0502,0.0,11.53,train
LEAF_BROW_10693.jpg,Brown_Spot,1,0.4041,0.2357,0.2251,54.91,train
LEAF_LEAF_10694.jpg,Leaf_Blast,2,0.4498,0.3015,0.3294,56.34,train
LEAF_BACT_10695.jpg,Bacterial_Blight,0,0.3673,0.3555,0.3583,41.4,train
LEAF_BACT_10696.jpg,Bacterial_Blight,0,0.492,0.3627,0.3104,41.7,train
LEAF_LEAF_10697.jpg,Leaf_Blast,2,0.3513,0.1957,0.481,57.65,train
LEAF_BACT_10698.jpg,Bacterial_Blight,0,0.4715,0.3528,0.2741,43.47,train
LEAF_HEAL_10699.jpg,Healthy_Leaf,3,0.8369,0.0406,0.0,12.08,test
LEAF_LEAF_10700.jpg,Leaf_Blast,2,0.5703,0.3174,0.2037,54.02,train
LEAF_BACT_10701.jpg,Bacterial_Blight,0,0.435,0.2947,0.2786,35.37,val
LEAF_BACT_10702.jpg,Bacterial_Blight,0,0.5624,0.3162,0.2568,39.18,train
LEAF_BROW_10703.jpg,Brown_Spot,1,0.4272,0.296,0.2019,44.9,train
LEAF_BACT_10704.jpg,Bacterial_Blight,0,0.5533,0.3166,0.2353,33.4,val
LEAF_BACT_10705.jpg,Bacterial_Blight,0,0.4406,0.3265,0.3456,40.43,train
LEAF_BACT_10706.jpg,Bacterial_Blight,0,0.4426,0.3678,0.3376,45.85,test
LEAF_TUNG_10707.jpg,Tungro_Virus,4,0.3241,0.5289,0.3609,24.59,train
LEAF_LEAF_10708.jpg,Leaf_Blast,2,0.333,0.3342,0.2719,48.41,train
LEAF_HEAL_10709.jpg,Healthy_Leaf,3,0.7351,0.0558,0.0,15.1,train
LEAF_LEAF_10710.jpg,Leaf_Blast,2,0.4323,0.248,0.3047,51.34,train
LEAF_TUNG_10711.jpg,Tungro_Virus,4,0.312,0.613,0.5057,27.46,train
LEAF_HEAL_10712.jpg,Healthy_Leaf,3,0.8457,0.0287,0.0,14.89,train
LEAF_BACT_10713.jpg,Bacterial_Blight,0,0.3619,0.3967,0.3889,31.75,train
LEAF_BROW_10714.jpg,Brown_Spot,1,0.4424,0.2649,0.1549,42.34,train
LEAF_BACT_10715.jpg,Bacterial_Blight,0,0.5745,0.3331,0.238,43.92,train
LEAF_BROW_10716.jpg,Brown_Spot,1,0.6372,0.2256,0.252,53.46,train
LEAF_BACT_10717.jpg,Bacterial_Blight,0,0.4684,0.3603,0.3841,32.45,train
LEAF_LEAF_10718.jpg,Leaf_Blast,2,0.5418,0.2577,0.2255,48.25,test
LEAF_BACT_10719.jpg,Bacterial_Blight,0,0.4589,0.3163,0.3164,40.36,train
LEAF_TUNG_10720.jpg,Tungro_Virus,4,0.3072,0.633,0.3693,32.01,train
LEAF_LEAF_10721.jpg,Leaf_Blast,2,0.4597,0.2671,0.3114,50.28,train
LEAF_HEAL_10722.jpg,Healthy_Leaf,3,0.8098,0.0476,0.0,12.23,val
LEAF_LEAF_10723.jpg,Leaf_Blast,2,0.4308,0.1831,0.417,46.17,test
LEAF_BROW_10724.jpg,Brown_Spot,1,0.5408,0.2449,0.1854,27.6,train
LEAF_TUNG_10725.jpg,Tungro_Virus,4,0.4108,0.6118,0.3959,32.27,train
LEAF_HEAL_10726.jpg,Healthy_Leaf,3,0.8397,0.0289,0.0,12.82,val
LEAF_HEAL_10727.jpg,Healthy_Leaf,3,0.8086,0.0333,0.0,14.69,train
LEAF_BROW_10728.jpg,Brown_Spot,1,0.4812,0.347,0.1755,52.75,train
LEAF_BACT_10729.jpg,Bacterial_Blight,0,0.5038,0.4773,0.2676,33.35,val
LEAF_LEAF_10730.jpg,Leaf_Blast,2,0.3793,0.1188,0.3554,58.65,val
LEAF_BROW_10731.jpg,Brown_Spot,1,0.4475,0.2427,0.2652,37.88,val
LEAF_LEAF_10732.jpg,Leaf_Blast,2,0.4879,0.2496,0.4867,56.61,val
LEAF_TUNG_10733.jpg,Tungro_Virus,4,0.2084,0.6491,0.3929,28.79,test
LEAF_BACT_10734.jpg,Bacterial_Blight,0,0.5606,0.347,0.1884,45.53,train
LEAF_TUNG_10735.jpg,Tungro_Virus,4,0.3712,0.5504,0.4597,27.42,val
LEAF_BACT_10736.jpg,Bacterial_Blight,0,0.3833,0.3649,0.3452,47.19,train
LEAF_BACT_10737.jpg,Bacterial_Blight,0,0.5304,0.2674,0.3528,42.4,train
LEAF_TUNG_10738.jpg,Tungro_Virus,4,0.34,0.5936,0.2811,28.77,train
LEAF_HEAL_10739.jpg,Healthy_Leaf,3,0.7616,0.0259,0.0,17.47,train
LEAF_BACT_10740.jpg,Bacterial_Blight,0,0.5802,0.4675,0.2003,38.38,train
LEAF_BACT_10741.jpg,Bacterial_Blight,0,0.4899,0.447,0.4406,36.75,train
LEAF_BROW_10742.jpg,Brown_Spot,1,0.6951,0.1794,0.2254,41.87,train
LEAF_BROW_10743.jpg,Brown_Spot,1,0.5555,0.212,0.3359,47.66,train
LEAF_TUNG_10744.jpg,Tungro_Virus,4,0.2179,0.5804,0.532,32.73,train
LEAF_LEAF_10745.jpg,Leaf_Blast,2,0.3813,0.3418,0.3291,52.2,val
LEAF_LEAF_10746.jpg,Leaf_Blast,2,0.4284,0.4674,0.3839,51.3,train
LEAF_BACT_10747.jpg,Bacterial_Blight,0,0.3523,0.3371,0.2712,45.88,train
LEAF_LEAF_10748.jpg,Leaf_Blast,2,0.4523,0.3824,0.3309,48.35,train
LEAF_BROW_10749.jpg,Brown_Spot,1,0.4093,0.3342,0.3306,37.59,train
LEAF_BROW_10750.jpg,Brown_Spot,1,0.4414,0.2609,0.2004,46.68,val
LEAF_BROW_10751.jpg,Brown_Spot,1,0.5911,0.2136,0.3489,54.73,train
LEAF_BROW_10752.jpg,Brown_Spot,1,0.5121,0.2937,0.2182,50.56,train
LEAF_BROW_10753.jpg,Brown_Spot,1,0.6743,0.2596,0.2887,39.36,train
LEAF_TUNG_10754.jpg,Tungro_Virus,4,0.3221,0.6896,0.2867,28.94,test
LEAF_LEAF_10755.jpg,Leaf_Blast,2,0.4068,0.3155,0.2591,48.49,test
LEAF_LEAF_10756.jpg,Leaf_Blast,2,0.5641,0.3175,0.4228,49.23,train
LEAF_TUNG_10757.jpg,Tungro_Virus,4,0.2739,0.6411,0.5627,24.34,val
LEAF_LEAF_10758.jpg,Leaf_Blast,2,0.4039,0.3394,0.2308,51.35,train
LEAF_BACT_10759.jpg,Bacterial_Blight,0,0.4603,0.3626,0.2911,35.96,train
LEAF_BACT_10760.jpg,Bacterial_Blight,0,0.5977,0.3765,0.2796,38.4,train
LEAF_LEAF_10761.jpg,Leaf_Blast,2,0.4552,0.2856,0.4184,50.74,test
LEAF_HEAL_10762.jpg,Healthy_Leaf,3,0.7881,0.0433,0.0,13.33,train
LEAF_TUNG_10763.jpg,Tungro_Virus,4,0.2653,0.4825,0.5518,31.08,test
LEAF_BACT_10764.jpg,Bacterial_Blight,0,0.5319,0.4287,0.3071,34.88,train
LEAF_BROW_10765.jpg,Brown_Spot,1,0.6049,0.2253,0.2833,43.88,train
LEAF_TUNG_10766.jpg,Tungro_Virus,4,0.2794,0.4925,0.3912,33.67,train
LEAF_BROW_10767.jpg,Brown_Spot,1,0.4612,0.2875,0.2113,43.08,train
LEAF_BACT_10768.jpg,Bacterial_Blight,0,0.3873,0.2791,0.3296,34.82,test
LEAF_BACT_10769.jpg,Bacterial_Blight,0,0.6147,0.44,0.4558,34.6,train
LEAF_LEAF_10770.jpg,Leaf_Blast,2,0.4275,0.3069,0.3639,51.7,train
LEAF_LEAF_10771.jpg,Leaf_Blast,2,0.4705,0.3338,0.4704,54.58,test
LEAF_LEAF_10772.jpg,Leaf_Blast,2,0.2614,0.264,0.2811,51.76,train
LEAF_BROW_10773.jpg,Brown_Spot,1,0.5025,0.2659,0.2334,52.57,train
LEAF_TUNG_10774.jpg,Tungro_Virus,4,0.2083,0.589,0.5646,27.61,train
LEAF_BACT_10775.jpg,Bacterial_Blight,0,0.4486,0.3367,0.3078,45.54,train
LEAF_BACT_10776.jpg,Bacterial_Blight,0,0.5168,0.3695,0.2137,37.69,test
LEAF_LEAF_10777.jpg,Leaf_Blast,2,0.3722,0.3688,0.3412,44.24,train
LEAF_BROW_10778.jpg,Brown_Spot,1,0.5088,0.2968,0.1175,60.83,train
LEAF_TUNG_10779.jpg,Tungro_Virus,4,0.3016,0.6388,0.5177,28.73,test
LEAF_LEAF_10780.jpg,Leaf_Blast,2,0.3107,0.274,0.2018,56.23,train
LEAF_BROW_10781.jpg,Brown_Spot,1,0.4644,0.2575,0.2077,37.96,train
LEAF_BROW_10782.jpg,Brown_Spot,1,0.4793,0.2371,0.2104,47.58,train
LEAF_TUNG_10783.jpg,Tungro_Virus,4,0.3008,0.582,0.4161,21.43,train
LEAF_HEAL_10784.jpg,Healthy_Leaf,3,0.8794,0.0856,0.0,10.15,test
LEAF_TUNG_10785.jpg,Tungro_Virus,4,0.2999,0.7809,0.4459,28.98,train
LEAF_LEAF_10786.jpg,Leaf_Blast,2,0.3283,0.3901,0.2951,49.23,train
LEAF_BROW_10787.jpg,Brown_Spot,1,0.4408,0.2458,0.3106,47.13,train
LEAF_HEAL_10788.jpg,Healthy_Leaf,3,0.8483,0.0248,0.0,11.06,train
LEAF_BROW_10789.jpg,Brown_Spot,1,0.3167,0.2796,0.2243,47.83,test
LEAF_BACT_10790.jpg,Bacterial_Blight,0,0.5646,0.3919,0.4505,41.11,train
LEAF_BACT_10791.jpg,Bacterial_Blight,0,0.2991,0.3259,0.2895,40.73,test
LEAF_TUNG_10792.jpg,Tungro_Virus,4,0.275,0.4803,0.2612,25.61,train
LEAF_HEAL_10793.jpg,Healthy_Leaf,3,0.827,0.022,0.0,9.35,train
LEAF_LEAF_10794.jpg,Leaf_Blast,2,0.3523,0.2295,0.2972,42.75,train
LEAF_TUNG_10795.jpg,Tungro_Virus,4,0.1926,0.6423,0.339,31.04,train
LEAF_HEAL_10796.jpg,Healthy_Leaf,3,0.8565,0.0429,0.0,11.18,val
LEAF_BACT_10797.jpg,Bacterial_Blight,0,0.4689,0.4523,0.2846,36.29,test
LEAF_BACT_10798.jpg,Bacterial_Blight,0,0.4347,0.3128,0.3852,48.93,train
LEAF_BROW_10799.jpg,Brown_Spot,1,0.4678,0.216,0.319,40.69,train
LEAF_BROW_10800.jpg,Brown_Spot,1,0.5406,0.2466,0.1518,39.64,train
LEAF_HEAL_10801.jpg,Healthy_Leaf,3,0.7851,0.0421,0.0,15.29,train
LEAF_BACT_10802.jpg,Bacterial_Blight,0,0.3964,0.2767,0.2467,43.23,train
LEAF_HEAL_10803.jpg,Healthy_Leaf,3,0.818,0.0307,0.0,8.92,val
LEAF_HEAL_10804.jpg,Healthy_Leaf,3,0.8342,0.0721,0.0,13.34,train
LEAF_LEAF_10805.jpg,Leaf_Blast,2,0.5746,0.3603,0.1876,53.19,train
LEAF_LEAF_10806.jpg,Leaf_Blast,2,0.5264,0.1624,0.3425,52.12,train
LEAF_BROW_10807.jpg,Brown_Spot,1,0.4259,0.195,0.2135,41.38,val
LEAF_HEAL_10808.jpg,Healthy_Leaf,3,0.7959,0.0318,0.0,13.07,train
LEAF_HEAL_10809.jpg,Healthy_Leaf,3,0.8729,0.0596,0.0,15.94,train
LEAF_LEAF_10810.jpg,Leaf_Blast,2,0.2506,0.2913,0.2776,54.77,train
LEAF_HEAL_10811.jpg,Healthy_Leaf,3,0.6896,0.03,0.0,13.38,train
LEAF_BACT_10812.jpg,Bacterial_Blight,0,0.4863,0.4432,0.2424,37.6,train
LEAF_TUNG_10813.jpg,Tungro_Virus,4,0.3455,0.6686,0.4094,25.53,train
LEAF_TUNG_10814.jpg,Tungro_Virus,4,0.3873,0.6096,0.3877,29.35,val
LEAF_BROW_10815.jpg,Brown_Spot,1,0.4222,0.3111,0.2393,44.01,train
LEAF_HEAL_10816.jpg,Healthy_Leaf,3,0.8182,0.0502,0.0,15.16,train
LEAF_HEAL_10817.jpg,Healthy_Leaf,3,0.8461,0.0292,0.0,12.36,train
LEAF_HEAL_10818.jpg,Healthy_Leaf,3,0.7614,0.077,0.0,12.29,train
LEAF_TUNG_10819.jpg,Tungro_Virus,4,0.2819,0.4688,0.5541,25.01,test
LEAF_BROW_10820.jpg,Brown_Spot,1,0.5231,0.1404,0.1999,51.75,val
LEAF_BROW_10821.jpg,Brown_Spot,1,0.6086,0.2119,0.1975,43.07,train
LEAF_TUNG_10822.jpg,Tungro_Virus,4,0.3265,0.5699,0.5467,24.79,train
LEAF_HEAL_10823.jpg,Healthy_Leaf,3,0.7761,0.0307,0.0,9.47,val
LEAF_TUNG_10824.jpg,Tungro_Virus,4,0.3387,0.4537,0.4287,32.72,train
LEAF_LEAF_10825.jpg,Leaf_Blast,2,0.466,0.2777,0.2354,54.35,train
LEAF_BACT_10826.jpg,Bacterial_Blight,0,0.4899,0.3424,0.3277,35.03,val
LEAF_BROW_10827.jpg,Brown_Spot,1,0.5966,0.1646,0.2648,53.39,train
LEAF_HEAL_10828.jpg,Healthy_Leaf,3,0.7271,0.0526,0.0,10.76,train
LEAF_HEAL_10829.jpg,Healthy_Leaf,3,0.7629,0.0171,0.0,13.43,train
LEAF_HEAL_10830.jpg,Healthy_Leaf,3,0.8734,0.0649,0.0,13.91,val
LEAF_BACT_10831.jpg,Bacterial_Blight,0,0.5583,0.4183,0.356,42.49,train
LEAF_TUNG_10832.jpg,Tungro_Virus,4,0.2379,0.5863,0.4039,30.08,train
LEAF_BROW_10833.jpg,Brown_Spot,1,0.4627,0.2932,0.2193,42.24,val
LEAF_LEAF_10834.jpg,Leaf_Blast,2,0.4201,0.2134,0.4108,55.3,train
LEAF_HEAL_10835.jpg,Healthy_Leaf,3,0.7359,0.0298,0.0,8.78,train
LEAF_TUNG_10836.jpg,Tungro_Virus,4,0.2582,0.4965,0.5369,20.18,train
LEAF_TUNG_10837.jpg,Tungro_Virus,4,0.3498,0.5565,0.4793,25.03,test
LEAF_BACT_10838.jpg,Bacterial_Blight,0,0.4761,0.4093,0.3321,39.9,train
LEAF_BACT_10839.jpg,Bacterial_Blight,0,0.4341,0.3634,0.4287,36.23,train
LEAF_BACT_10840.jpg,Bacterial_Blight,0,0.3885,0.4125,0.4277,31.69,train
LEAF_HEAL_10841.jpg,Healthy_Leaf,3,0.8317,0.0693,0.0,14.45,train
LEAF_HEAL_10842.jpg,Healthy_Leaf,3,0.7745,0.0618,0.0,14.9,test
LEAF_TUNG_10843.jpg,Tungro_Virus,4,0.2545,0.6435,0.4318,28.55,val
LEAF_TUNG_10844.jpg,Tungro_Virus,4,0.4114,0.4707,0.2778,20.27,train
LEAF_HEAL_10845.jpg,Healthy_Leaf,3,0.7866,0.0377,0.0,10.73,train
LEAF_BROW_10846.jpg,Brown_Spot,1,0.5796,0.2616,0.2632,39.25,val
LEAF_BACT_10847.jpg,Bacterial_Blight,0,0.5498,0.467,0.2059,39.39,train
LEAF_HEAL_10848.jpg,Healthy_Leaf,3,0.7648,0.0726,0.0,9.28,train
LEAF_BACT_10849.jpg,Bacterial_Blight,0,0.4605,0.4061,0.2651,33.78,train
LEAF_TUNG_10850.jpg,Tungro_Virus,4,0.3204,0.6487,0.4106,29.28,test
LEAF_TUNG_10851.jpg,Tungro_Virus,4,0.2896,0.5121,0.4215,26.0,val
LEAF_BROW_10852.jpg,Brown_Spot,1,0.5022,0.2169,0.2217,45.63,train
LEAF_BACT_10853.jpg,Bacterial_Blight,0,0.4529,0.3697,0.378,38.68,train
LEAF_HEAL_10854.jpg,Healthy_Leaf,3,0.8688,0.0308,0.0,10.96,train
LEAF_LEAF_10855.jpg,Leaf_Blast,2,0.4938,0.2862,0.295,53.0,train
LEAF_HEAL_10856.jpg,Healthy_Leaf,3,0.7805,0.0675,0.0,11.87,train
LEAF_TUNG_10857.jpg,Tungro_Virus,4,0.4238,0.4618,0.3336,35.33,train
LEAF_BACT_10858.jpg,Bacterial_Blight,0,0.4213,0.3398,0.2499,43.74,train
LEAF_BACT_10859.jpg,Bacterial_Blight,0,0.4588,0.4422,0.2749,40.08,train
LEAF_BACT_10860.jpg,Bacterial_Blight,0,0.3863,0.5164,0.3008,38.04,train
LEAF_HEAL_10861.jpg,Healthy_Leaf,3,0.8634,0.0318,0.0,13.84,train
LEAF_BACT_10862.jpg,Bacterial_Blight,0,0.4342,0.4184,0.2147,36.46,train
LEAF_TUNG_10863.jpg,Tungro_Virus,4,0.392,0.5322,0.6448,22.21,train
LEAF_BROW_10864.jpg,Brown_Spot,1,0.5159,0.2496,0.2307,61.61,test
LEAF_HEAL_10865.jpg,Healthy_Leaf,3,0.7503,0.075,0.0,11.72,train
LEAF_LEAF_10866.jpg,Leaf_Blast,2,0.4371,0.2038,0.3754,50.79,train
LEAF_TUNG_10867.jpg,Tungro_Virus,4,0.4529,0.6245,0.3425,28.5,train
LEAF_BACT_10868.jpg,Bacterial_Blight,0,0.4072,0.5064,0.2647,41.44,train
LEAF_BROW_10869.jpg,Brown_Spot,1,0.5338,0.27,0.2535,29.27,train
LEAF_TUNG_10870.jpg,Tungro_Virus,4,0.2459,0.6566,0.3576,28.81,test
LEAF_BACT_10871.jpg,Bacterial_Blight,0,0.3794,0.4239,0.3945,41.66,train
LEAF_LEAF_10872.jpg,Leaf_Blast,2,0.3561,0.2448,0.4308,59.91,train
LEAF_BROW_10873.jpg,Brown_Spot,1,0.4743,0.1697,0.1437,37.52,train
LEAF_HEAL_10874.jpg,Healthy_Leaf,3,0.7653,0.0454,0.0,13.37,train
LEAF_BACT_10875.jpg,Bacterial_Blight,0,0.4393,0.2902,0.3968,44.43,val
LEAF_BROW_10876.jpg,Brown_Spot,1,0.4762,0.2438,0.2553,44.45,test
LEAF_TUNG_10877.jpg,Tungro_Virus,4,0.4134,0.6192,0.5048,30.27,test
LEAF_BROW_10878.jpg,Brown_Spot,1,0.4811,0.2563,0.1493,56.24,train
LEAF_TUNG_10879.jpg,Tungro_Virus,4,0.3787,0.583,0.4226,28.79,val
LEAF_BACT_10880.jpg,Bacterial_Blight,0,0.5214,0.258,0.489,34.05,train
LEAF_LEAF_10881.jpg,Leaf_Blast,2,0.4498,0.2938,0.493,54.85,train
LEAF_TUNG_10882.jpg,Tungro_Virus,4,0.2623,0.4933,0.4858,28.09,train
LEAF_LEAF_10883.jpg,Leaf_Blast,2,0.4945,0.3538,0.2938,30.3,val
LEAF_BACT_10884.jpg,Bacterial_Blight,0,0.4903,0.4999,0.4822,37.17,test
LEAF_TUNG_10885.jpg,Tungro_Virus,4,0.2704,0.6268,0.413,29.57,train
LEAF_LEAF_10886.jpg,Leaf_Blast,2,0.3971,0.3829,0.2969,56.63,train
LEAF_HEAL_10887.jpg,Healthy_Leaf,3,0.7168,0.0452,0.0,14.55,train
LEAF_BROW_10888.jpg,Brown_Spot,1,0.5548,0.208,0.1957,46.59,train
LEAF_HEAL_10889.jpg,Healthy_Leaf,3,0.7811,0.0548,0.0,12.6,train
LEAF_HEAL_10890.jpg,Healthy_Leaf,3,0.8118,-0.0255,0.0,10.86,train
LEAF_HEAL_10891.jpg,Healthy_Leaf,3,0.763,0.0633,0.0,12.3,train
LEAF_BROW_10892.jpg,Brown_Spot,1,0.3735,0.2467,0.3073,40.6,train
LEAF_TUNG_10893.jpg,Tungro_Virus,4,0.3014,0.5092,0.3979,20.43,train
LEAF_BROW_10894.jpg,Brown_Spot,1,0.493,0.3575,0.33,40.49,test
LEAF_BROW_10895.jpg,Brown_Spot,1,0.3769,0.207,0.1713,54.5,train
LEAF_HEAL_10896.jpg,Healthy_Leaf,3,0.7671,0.0389,0.0,11.83,val
LEAF_BROW_10897.jpg,Brown_Spot,1,0.4228,0.265,0.1987,47.49,test
LEAF_BROW_10898.jpg,Brown_Spot,1,0.4542,0.3079,0.2183,37.03,train
LEAF_BACT_10899.jpg,Bacterial_Blight,0,0.5344,0.3681,0.1834,39.66,val
LEAF_HEAL_10900.jpg,Healthy_Leaf,3,0.7611,0.0429,0.0,12.6,train
LEAF_BACT_10901.jpg,Bacterial_Blight,0,0.5992,0.3299,0.2041,39.24,train
LEAF_BACT_10902.jpg,Bacterial_Blight,0,0.6081,0.3681,0.2494,38.93,val
LEAF_LEAF_10903.jpg,Leaf_Blast,2,0.4971,0.2431,0.3242,54.07,train
LEAF_LEAF_10904.jpg,Leaf_Blast,2,0.4814,0.4637,0.3288,52.77,train
LEAF_BACT_10905.jpg,Bacterial_Blight,0,0.5293,0.3394,0.3532,36.62,train
LEAF_BROW_10906.jpg,Brown_Spot,1,0.5388,0.1817,0.1774,29.56,test
LEAF_BACT_10907.jpg,Bacterial_Blight,0,0.4554,0.3479,0.3321,38.22,train
LEAF_LEAF_10908.jpg,Leaf_Blast,2,0.5506,0.2683,0.3056,58.08,train
LEAF_BACT_10909.jpg,Bacterial_Blight,0,0.3453,0.415,0.3691,34.28,train
LEAF_HEAL_10910.jpg,Healthy_Leaf,3,0.7593,0.0641,0.0,13.72,test
LEAF_HEAL_10911.jpg,Healthy_Leaf,3,0.7567,0.0275,0.0,11.65,train
LEAF_HEAL_10912.jpg,Healthy_Leaf,3,0.805,0.055,0.0,12.15,train
LEAF_BACT_10913.jpg,Bacterial_Blight,0,0.399,0.2788,0.3196,34.71,train
LEAF_BROW_10914.jpg,Brown_Spot,1,0.6046,0.2169,0.1941,47.27,train
LEAF_BROW_10915.jpg,Brown_Spot,1,0.5467,0.2278,0.1659,48.62,train
LEAF_BACT_10916.jpg,Bacterial_Blight,0,0.4083,0.3982,0.4266,28.69,test
LEAF_LEAF_10917.jpg,Leaf_Blast,2,0.4163,0.2208,0.3879,59.01,train
LEAF_TUNG_10918.jpg,Tungro_Virus,4,0.3259,0.5081,0.5365,31.24,train
LEAF_BACT_10919.jpg,Bacterial_Blight,0,0.5322,0.4329,0.314,33.71,train
LEAF_BROW_10920.jpg,Brown_Spot,1,0.5164,0.2377,0.3487,50.37,train
LEAF_HEAL_10921.jpg,Healthy_Leaf,3,0.7616,0.0345,0.0,12.13,test
LEAF_HEAL_10922.jpg,Healthy_Leaf,3,0.7894,0.0478,0.0,12.5,train
LEAF_BROW_10923.jpg,Brown_Spot,1,0.4225,0.3142,0.3523,52.2,train
LEAF_BROW_10924.jpg,Brown_Spot,1,0.5917,0.2298,0.2493,42.26,train
LEAF_HEAL_10925.jpg,Healthy_Leaf,3,0.7341,0.0534,0.0,14.62,train
LEAF_TUNG_10926.jpg,Tungro_Virus,4,0.3319,0.4893,0.4348,30.09,train
LEAF_TUNG_10927.jpg,Tungro_Virus,4,0.3123,0.5539,0.5331,28.89,train
LEAF_HEAL_10928.jpg,Healthy_Leaf,3,0.7594,0.0255,0.0,6.84,val
LEAF_BROW_10929.jpg,Brown_Spot,1,0.3749,0.2024,0.2463,31.53,val
LEAF_BROW_10930.jpg,Brown_Spot,1,0.663,0.2645,0.1644,39.24,test
LEAF_HEAL_10931.jpg,Healthy_Leaf,3,0.8729,0.0594,0.0,12.67,train
LEAF_LEAF_10932.jpg,Leaf_Blast,2,0.4232,0.2532,0.3298,45.86,train
LEAF_BACT_10933.jpg,Bacterial_Blight,0,0.2876,0.3988,0.4626,29.85,val
LEAF_BACT_10934.jpg,Bacterial_Blight,0,0.4844,0.3697,0.2112,33.09,train
LEAF_HEAL_10935.jpg,Healthy_Leaf,3,0.7385,0.0338,0.0,14.96,train
LEAF_BROW_10936.jpg,Brown_Spot,1,0.524,0.2642,0.1867,45.13,train
LEAF_TUNG_10937.jpg,Tungro_Virus,4,0.3226,0.6195,0.5167,27.75,train
LEAF_BACT_10938.jpg,Bacterial_Blight,0,0.3525,0.3674,0.1223,29.62,train
LEAF_BROW_10939.jpg,Brown_Spot,1,0.521,0.1869,0.2495,50.93,train
LEAF_TUNG_10940.jpg,Tungro_Virus,4,0.3339,0.6521,0.4031,28.12,train
LEAF_LEAF_10941.jpg,Leaf_Blast,2,0.5233,0.444,0.2714,58.74,train
LEAF_BACT_10942.jpg,Bacterial_Blight,0,0.6006,0.3488,0.3188,28.99,train
LEAF_BROW_10943.jpg,Brown_Spot,1,0.55,0.2916,0.2067,46.72,test
LEAF_BACT_10944.jpg,Bacterial_Blight,0,0.4539,0.4244,0.3304,28.07,test
LEAF_BACT_10945.jpg,Bacterial_Blight,0,0.5552,0.3566,0.2184,35.81,train
LEAF_BROW_10946.jpg,Brown_Spot,1,0.53,0.2613,0.2384,45.02,train
LEAF_BACT_10947.jpg,Bacterial_Blight,0,0.445,0.2825,0.2582,42.45,train
LEAF_HEAL_10948.jpg,Healthy_Leaf,3,0.8572,0.0417,0.0,15.98,train
LEAF_BACT_10949.jpg,Bacterial_Blight,0,0.6444,0.276,0.3377,38.43,train
LEAF_TUNG_10950.jpg,Tungro_Virus,4,0.2946,0.5212,0.4473,32.82,test
LEAF_BROW_10951.jpg,Brown_Spot,1,0.5328,0.2813,0.2034,47.71,train
LEAF_BACT_10952.jpg,Bacterial_Blight,0,0.3833,0.3034,0.2536,39.57,train
LEAF_HEAL_10953.jpg,Healthy_Leaf,3,0.7865,0.0412,0.0,11.16,train
LEAF_TUNG_10954.jpg,Tungro_Virus,4,0.3624,0.6753,0.4983,32.24,test
LEAF_HEAL_10955.jpg,Healthy_Leaf,3,0.7816,0.0561,0.0,12.65,train
LEAF_LEAF_10956.jpg,Leaf_Blast,2,0.368,0.4637,0.3199,56.52,train
LEAF_BROW_10957.jpg,Brown_Spot,1,0.5191,0.2875,0.313,40.59,train
LEAF_TUNG_10958.jpg,Tungro_Virus,4,0.2206,0.554,0.3563,25.4,train
LEAF_LEAF_10959.jpg,Leaf_Blast,2,0.4988,0.3412,0.41,49.64,val
LEAF_HEAL_10960.jpg,Healthy_Leaf,3,0.7869,0.0408,0.0,15.37,train
LEAF_HEAL_10961.jpg,Healthy_Leaf,3,0.7578,0.0288,0.0,13.76,train
LEAF_BACT_10962.jpg,Bacterial_Blight,0,0.4302,0.3545,0.4046,38.96,test
LEAF_TUNG_10963.jpg,Tungro_Virus,4,0.3919,0.6438,0.3323,27.59,train
LEAF_BACT_10964.jpg,Bacterial_Blight,0,0.5592,0.3776,0.1796,38.6,train
LEAF_BACT_10965.jpg,Bacterial_Blight,0,0.413,0.2641,0.2661,50.76,train
LEAF_HEAL_10966.jpg,Healthy_Leaf,3,0.8125,0.0224,0.0,15.31,train
LEAF_HEAL_10967.jpg,Healthy_Leaf,3,0.7304,0.0289,0.0,10.2,train
LEAF_HEAL_10968.jpg,Healthy_Leaf,3,0.7928,-0.0012,0.0,14.68,train
LEAF_LEAF_10969.jpg,Leaf_Blast,2,0.4868,0.3159,0.2791,42.24,train
LEAF_TUNG_10970.jpg,Tungro_Virus,4,0.3353,0.5303,0.3698,18.18,train
LEAF_BACT_10971.jpg,Bacterial_Blight,0,0.4618,0.4663,0.2488,30.39,test
LEAF_HEAL_10972.jpg,Healthy_Leaf,3,0.7507,0.033,0.0,13.03,train
LEAF_LEAF_10973.jpg,Leaf_Blast,2,0.4376,0.1804,0.4607,52.74,train
LEAF_BACT_10974.jpg,Bacterial_Blight,0,0.5911,0.4235,0.3249,41.8,val
LEAF_BROW_10975.jpg,Brown_Spot,1,0.4924,0.2078,0.2585,45.18,val
LEAF_BACT_10976.jpg,Bacterial_Blight,0,0.2936,0.3556,0.1163,44.6,train
LEAF_HEAL_10977.jpg,Healthy_Leaf,3,0.7885,0.0506,0.0,16.17,train
LEAF_BROW_10978.jpg,Brown_Spot,1,0.5479,0.2065,0.3527,47.35,train
LEAF_TUNG_10979.jpg,Tungro_Virus,4,0.2722,0.5934,0.6081,26.76,val
LEAF_LEAF_10980.jpg,Leaf_Blast,2,0.426,0.3357,0.429,50.62,test
LEAF_HEAL_10981.jpg,Healthy_Leaf,3,0.76,0.0563,0.0,11.41,train
LEAF_BROW_10982.jpg,Brown_Spot,1,0.4727,0.2092,0.1959,48.67,train
LEAF_BROW_10983.jpg,Brown_Spot,1,0.3992,0.2731,0.2373,40.41,val
LEAF_BACT_10984.jpg,Bacterial_Blight,0,0.5736,0.3582,0.2505,34.97,train
LEAF_BACT_10985.jpg,Bacterial_Blight,0,0.5387,0.4017,0.3974,39.8,train
LEAF_HEAL_10986.jpg,Healthy_Leaf,3,0.6994,0.0503,0.0,11.75,train
LEAF_HEAL_10987.jpg,Healthy_Leaf,3,0.8105,-0.0016,0.0,13.85,val
LEAF_LEAF_10988.jpg,Leaf_Blast,2,0.3636,0.3576,0.4602,59.85,train
LEAF_LEAF_10989.jpg,Leaf_Blast,2,0.4081,0.2519,0.4753,49.3,val
LEAF_TUNG_10990.jpg,Tungro_Virus,4,0.2079,0.7411,0.5062,31.06,val
LEAF_TUNG_10991.jpg,Tungro_Virus,4,0.2612,0.5143,0.433,22.0,train
LEAF_HEAL_10992.jpg,Healthy_Leaf,3,0.7627,0.0781,0.0,9.63,train
LEAF_BROW_10993.jpg,Brown_Spot,1,0.5074,0.3186,0.1609,42.29,train
LEAF_TUNG_10994.jpg,Tungro_Virus,4,0.3305,0.5028,0.4428,32.53,test
LEAF_HEAL_10995.jpg,Healthy_Leaf,3,0.6995,0.0261,0.0,8.87,train
LEAF_BACT_10996.jpg,Bacterial_Blight,0,0.523,0.4535,0.3053,32.97,train
LEAF_BACT_10997.jpg,Bacterial_Blight,0,0.4019,0.4347,0.2665,40.18,train
LEAF_BACT_10998.jpg,Bacterial_Blight,0,0.4556,0.4002,0.3932,36.74,train
LEAF_HEAL_10999.jpg,Healthy_Leaf,3,0.7198,0.0452,0.0,12.45,train
LEAF_BROW_11000.jpg,Brown_Spot,1,0.5634,0.0709,0.2882,39.52,test
LEAF_TUNG_11001.jpg,Tungro_Virus,4,0.3445,0.6084,0.5775,28.79,train
LEAF_BROW_11002.jpg,Brown_Spot,1,0.4956,0.1521,0.1823,43.24,train
LEAF_BACT_11003.jpg,Bacterial_Blight,0,0.4611,0.3603,0.1261,31.53,val
LEAF_HEAL_11004.jpg,Healthy_Leaf,3,0.6881,0.0237,0.0,14.64,train
LEAF_BACT_11005.jpg,Bacterial_Blight,0,0.4226,0.3733,0.4353,36.19,test
LEAF_TUNG_11006.jpg,Tungro_Virus,4,0.2897,0.5674,0.6353,29.78,test
LEAF_BACT_11007.jpg,Bacterial_Blight,0,0.4815,0.3485,0.3631,41.3,train
LEAF_TUNG_11008.jpg,Tungro_Virus,4,0.2556,0.582,0.3616,26.4,train
LEAF_BACT_11009.jpg,Bacterial_Blight,0,0.3976,0.3587,0.216,48.89,train
LEAF_BROW_11010.jpg,Brown_Spot,1,0.4413,0.3046,0.1314,47.74,train
LEAF_BACT_11011.jpg,Bacterial_Blight,0,0.46,0.3837,0.255,33.71,train
LEAF_LEAF_11012.jpg,Leaf_Blast,2,0.3241,0.3003,0.4033,53.46,train
LEAF_TUNG_11013.jpg,Tungro_Virus,4,0.2766,0.4733,0.4216,30.35,train
LEAF_HEAL_11014.jpg,Healthy_Leaf,3,0.7463,0.0273,0.0,10.41,train
LEAF_TUNG_11015.jpg,Tungro_Virus,4,0.2612,0.5483,0.15,31.11,test
LEAF_TUNG_11016.jpg,Tungro_Virus,4,0.3098,0.3875,0.3043,26.31,train
LEAF_BACT_11017.jpg,Bacterial_Blight,0,0.3749,0.4276,0.3535,39.8,train
LEAF_BROW_11018.jpg,Brown_Spot,1,0.4712,0.2023,0.1951,38.24,test
LEAF_LEAF_11019.jpg,Leaf_Blast,2,0.5044,0.2903,0.5299,59.98,train
LEAF_BROW_11020.jpg,Brown_Spot,1,0.6137,0.3004,0.1354,51.51,train
LEAF_BROW_11021.jpg,Brown_Spot,1,0.3815,0.2366,0.2193,54.52,train
LEAF_HEAL_11022.jpg,Healthy_Leaf,3,0.7995,0.0565,0.0,12.67,val
LEAF_BACT_11023.jpg,Bacterial_Blight,0,0.433,0.4048,0.2966,24.9,train
LEAF_HEAL_11024.jpg,Healthy_Leaf,3,0.7155,0.0524,0.0,8.24,train
LEAF_HEAL_11025.jpg,Healthy_Leaf,3,0.7821,0.052,0.0,13.56,train
LEAF_BROW_11026.jpg,Brown_Spot,1,0.5118,0.3204,0.1475,36.53,train
LEAF_BACT_11027.jpg,Bacterial_Blight,0,0.4691,0.4525,0.1403,45.91,val
LEAF_HEAL_11028.jpg,Healthy_Leaf,3,0.7597,0.0547,0.0,12.62,val
LEAF_HEAL_11029.jpg,Healthy_Leaf,3,0.7485,0.0048,0.0,10.06,train
LEAF_TUNG_11030.jpg,Tungro_Virus,4,0.3137,0.5171,0.3716,35.2,test
LEAF_BROW_11031.jpg,Brown_Spot,1,0.5801,0.229,0.2266,47.65,val
LEAF_BROW_11032.jpg,Brown_Spot,1,0.4908,0.2807,0.0847,40.99,val
LEAF_BROW_11033.jpg,Brown_Spot,1,0.4653,0.251,0.1366,42.7,train
LEAF_BROW_11034.jpg,Brown_Spot,1,0.5579,0.2666,0.3171,47.77,train
LEAF_BACT_11035.jpg,Bacterial_Blight,0,0.5841,0.3783,0.3295,40.2,train
LEAF_LEAF_11036.jpg,Leaf_Blast,2,0.3765,0.2065,0.5422,48.43,train
LEAF_LEAF_11037.jpg,Leaf_Blast,2,0.5084,0.3788,0.4084,63.48,train
LEAF_TUNG_11038.jpg,Tungro_Virus,4,0.2491,0.6961,0.3761,32.22,train
LEAF_TUNG_11039.jpg,Tungro_Virus,4,0.3178,0.4328,0.15,28.84,train
LEAF_TUNG_11040.jpg,Tungro_Virus,4,0.3042,0.7414,0.4731,26.21,train
LEAF_BACT_11041.jpg,Bacterial_Blight,0,0.507,0.307,0.3193,35.61,train
LEAF_LEAF_11042.jpg,Leaf_Blast,2,0.3602,0.3005,0.2777,54.08,train
LEAF_LEAF_11043.jpg,Leaf_Blast,2,0.348,0.2412,0.4595,49.33,train
LEAF_LEAF_11044.jpg,Leaf_Blast,2,0.5705,0.1936,0.4353,53.57,train
LEAF_BROW_11045.jpg,Brown_Spot,1,0.5551,0.308,0.2392,36.34,train
LEAF_BACT_11046.jpg,Bacterial_Blight,0,0.535,0.4092,0.294,46.1,test
LEAF_BROW_11047.jpg,Brown_Spot,1,0.4767,0.2538,0.1369,46.1,train
LEAF_TUNG_11048.jpg,Tungro_Virus,4,0.2951,0.5876,0.3452,27.08,train
LEAF_BACT_11049.jpg,Bacterial_Blight,0,0.5576,0.3238,0.2253,37.58,train
LEAF_HEAL_11050.jpg,Healthy_Leaf,3,0.7887,0.039,0.0,10.0,val
LEAF_TUNG_11051.jpg,Tungro_Virus,4,0.4093,0.6689,0.4851,26.12,train
LEAF_TUNG_11052.jpg,Tungro_Virus,4,0.3772,0.6461,0.4204,22.15,train
LEAF_HEAL_11053.jpg,Healthy_Leaf,3,0.764,0.0509,0.0,12.65,train
LEAF_BROW_11054.jpg,Brown_Spot,1,0.6123,0.33,0.2538,55.64,train
LEAF_HEAL_11055.jpg,Healthy_Leaf,3,0.7189,0.0064,0.0,11.91,train
LEAF_LEAF_11056.jpg,Leaf_Blast,2,0.428,0.3611,0.3148,53.69,train
LEAF_TUNG_11057.jpg,Tungro_Virus,4,0.2777,0.6327,0.2913,28.03,train
LEAF_HEAL_11058.jpg,Healthy_Leaf,3,0.7436,0.0545,0.0,12.83,train
LEAF_LEAF_11059.jpg,Leaf_Blast,2,0.5096,0.3826,0.5363,60.99,train
LEAF_HEAL_11060.jpg,Healthy_Leaf,3,0.6031,0.0183,0.0,12.75,val
LEAF_TUNG_11061.jpg,Tungro_Virus,4,0.3111,0.6207,0.4557,23.52,train
LEAF_TUNG_11062.jpg,Tungro_Virus,4,0.2854,0.521,0.2784,22.51,val
LEAF_LEAF_11063.jpg,Leaf_Blast,2,0.4072,0.247,0.2437,52.21,train
LEAF_LEAF_11064.jpg,Leaf_Blast,2,0.4728,0.3098,0.3011,49.36,train
LEAF_TUNG_11065.jpg,Tungro_Virus,4,0.3103,0.578,0.3909,27.7,train
LEAF_BROW_11066.jpg,Brown_Spot,1,0.6846,0.2224,0.2424,50.11,train
LEAF_HEAL_11067.jpg,Healthy_Leaf,3,0.6898,0.0453,0.0,12.76,test
LEAF_BACT_11068.jpg,Bacterial_Blight,0,0.4523,0.4017,0.3456,36.91,test
LEAF_BROW_11069.jpg,Brown_Spot,1,0.5469,0.2186,0.2244,35.26,train
LEAF_HEAL_11070.jpg,Healthy_Leaf,3,0.7615,0.0336,0.0,7.69,train
LEAF_BROW_11071.jpg,Brown_Spot,1,0.5271,0.2667,0.2166,42.7,test
LEAF_BROW_11072.jpg,Brown_Spot,1,0.5349,0.2333,0.2976,56.7,train
LEAF_BACT_11073.jpg,Bacterial_Blight,0,0.3803,0.4114,0.5672,39.4,train
LEAF_TUNG_11074.jpg,Tungro_Virus,4,0.3494,0.6404,0.3255,27.89,test
LEAF_BACT_11075.jpg,Bacterial_Blight,0,0.2984,0.3674,0.2478,39.7,train
LEAF_BROW_11076.jpg,Brown_Spot,1,0.5877,0.2162,0.1057,46.55,train
LEAF_BACT_11077.jpg,Bacterial_Blight,0,0.4216,0.4985,0.1954,52.17,val
LEAF_BACT_11078.jpg,Bacterial_Blight,0,0.434,0.343,0.2572,41.01,train
LEAF_BACT_11079.jpg,Bacterial_Blight,0,0.3052,0.3964,0.3879,31.63,train
LEAF_TUNG_11080.jpg,Tungro_Virus,4,0.4159,0.5116,0.7316,18.44,train
LEAF_LEAF_11081.jpg,Leaf_Blast,2,0.5981,0.2817,0.3345,55.1,train
LEAF_LEAF_11082.jpg,Leaf_Blast,2,0.3495,0.3118,0.3841,56.87,train
LEAF_LEAF_11083.jpg,Leaf_Blast,2,0.4446,0.3834,0.3388,35.63,train
LEAF_BACT_11084.jpg,Bacterial_Blight,0,0.5034,0.4204,0.2575,39.3,train
LEAF_BACT_11085.jpg,Bacterial_Blight,0,0.4843,0.3307,0.4447,29.47,train
LEAF_BROW_11086.jpg,Brown_Spot,1,0.6484,0.2799,0.181,43.32,test
LEAF_BROW_11087.jpg,Brown_Spot,1,0.6503,0.2027,0.1141,46.75,train
LEAF_BACT_11088.jpg,Bacterial_Blight,0,0.5051,0.42,0.3738,46.85,train
LEAF_BROW_11089.jpg,Brown_Spot,1,0.5664,0.1947,0.1326,56.2,train
LEAF_BROW_11090.jpg,Brown_Spot,1,0.5158,0.3155,0.1079,47.49,train
LEAF_BACT_11091.jpg,Bacterial_Blight,0,0.4088,0.4177,0.2475,45.86,train
LEAF_LEAF_11092.jpg,Leaf_Blast,2,0.3869,0.2817,0.4474,43.19,train
LEAF_BROW_11093.jpg,Brown_Spot,1,0.4237,0.2411,0.2105,46.31,train
LEAF_BROW_11094.jpg,Brown_Spot,1,0.5434,0.2052,0.1384,52.37,val
LEAF_LEAF_11095.jpg,Leaf_Blast,2,0.5127,0.2112,0.3587,44.89,train
LEAF_BROW_11096.jpg,Brown_Spot,1,0.5887,0.2637,0.1365,42.11,train
LEAF_LEAF_11097.jpg,Leaf_Blast,2,0.5071,0.284,0.2248,41.87,train
LEAF_HEAL_11098.jpg,Healthy_Leaf,3,0.8395,0.0714,0.0,14.54,train
LEAF_TUNG_11099.jpg,Tungro_Virus,4,0.288,0.3802,0.4813,36.37,train
LEAF_TUNG_11100.jpg,Tungro_Virus,4,0.3179,0.4208,0.3825,27.27,train
LEAF_BROW_11101.jpg,Brown_Spot,1,0.4431,0.2108,0.3264,45.61,val
LEAF_BACT_11102.jpg,Bacterial_Blight,0,0.5176,0.2809,0.2368,43.44,train
LEAF_BACT_11103.jpg,Bacterial_Blight,0,0.4968,0.3561,0.3589,40.53,val
LEAF_BACT_11104.jpg,Bacterial_Blight,0,0.6393,0.3898,0.235,37.42,train
LEAF_LEAF_11105.jpg,Leaf_Blast,2,0.4986,0.3178,0.2692,48.03,train
LEAF_HEAL_11106.jpg,Healthy_Leaf,3,0.8223,0.0368,0.0,11.43,train
LEAF_LEAF_11107.jpg,Leaf_Blast,2,0.3828,0.3926,0.4722,64.54,train
LEAF_LEAF_11108.jpg,Leaf_Blast,2,0.422,0.2858,0.3237,49.17,train
LEAF_HEAL_11109.jpg,Healthy_Leaf,3,0.8286,0.0535,0.0,10.3,train
LEAF_BACT_11110.jpg,Bacterial_Blight,0,0.3426,0.3881,0.2681,41.52,val
LEAF_TUNG_11111.jpg,Tungro_Virus,4,0.2883,0.7188,0.3525,36.83,train
LEAF_BACT_11112.jpg,Bacterial_Blight,0,0.4325,0.5744,0.3916,41.01,train
LEAF_BACT_11113.jpg,Bacterial_Blight,0,0.5436,0.3802,0.4647,37.46,train
LEAF_BACT_11114.jpg,Bacterial_Blight,0,0.4497,0.3976,0.2239,40.27,val
LEAF_HEAL_11115.jpg,Healthy_Leaf,3,0.7917,0.0419,0.0,10.43,train
LEAF_BROW_11116.jpg,Brown_Spot,1,0.5316,0.3373,0.2499,49.52,test
LEAF_BACT_11117.jpg,Bacterial_Blight,0,0.5551,0.3066,0.3446,31.82,test
LEAF_BROW_11118.jpg,Brown_Spot,1,0.4482,0.278,0.1301,51.86,train
LEAF_BROW_11119.jpg,Brown_Spot,1,0.4195,0.221,0.1055,41.71,val
LEAF_TUNG_11120.jpg,Tungro_Virus,4,0.386,0.5649,0.3322,28.91,train
LEAF_LEAF_11121.jpg,Leaf_Blast,2,0.5133,0.3214,0.4315,51.06,val
LEAF_LEAF_11122.jpg,Leaf_Blast,2,0.3192,0.3678,0.34,49.96,train
LEAF_BACT_11123.jpg,Bacterial_Blight,0,0.4765,0.3551,0.2638,28.47,train
LEAF_BACT_11124.jpg,Bacterial_Blight,0,0.4921,0.4978,0.2707,32.88,train
LEAF_BACT_11125.jpg,Bacterial_Blight,0,0.5271,0.4237,0.3862,42.85,train
LEAF_LEAF_11126.jpg,Leaf_Blast,2,0.4216,0.3077,0.4666,55.96,train
LEAF_BROW_11127.jpg,Brown_Spot,1,0.5803,0.1828,0.265,47.34,train
LEAF_HEAL_11128.jpg,Healthy_Leaf,3,0.8298,0.0432,0.0,16.03,train
LEAF_HEAL_11129.jpg,Healthy_Leaf,3,0.9193,0.0864,0.0,13.71,train
LEAF_BACT_11130.jpg,Bacterial_Blight,0,0.5409,0.4296,0.23,32.53,val
LEAF_BACT_11131.jpg,Bacterial_Blight,0,0.4527,0.4121,0.373,38.71,train
LEAF_BROW_11132.jpg,Brown_Spot,1,0.445,0.3151,0.2643,52.68,train
LEAF_BACT_11133.jpg,Bacterial_Blight,0,0.4844,0.3514,0.338,45.9,val
LEAF_BACT_11134.jpg,Bacterial_Blight,0,0.3763,0.3406,0.2587,37.53,test
LEAF_BROW_11135.jpg,Brown_Spot,1,0.5105,0.2886,0.222,46.82,test
LEAF_BACT_11136.jpg,Bacterial_Blight,0,0.5119,0.3947,0.3763,37.39,train
LEAF_LEAF_11137.jpg,Leaf_Blast,2,0.5065,0.316,0.4062,44.29,train
LEAF_LEAF_11138.jpg,Leaf_Blast,2,0.4908,0.2492,0.319,38.9,train
LEAF_BACT_11139.jpg,Bacterial_Blight,0,0.4105,0.4438,0.2437,40.27,train
LEAF_BACT_11140.jpg,Bacterial_Blight,0,0.3572,0.3528,0.2523,42.42,test
LEAF_TUNG_11141.jpg,Tungro_Virus,4,0.3477,0.4814,0.4297,24.91,val
LEAF_HEAL_11142.jpg,Healthy_Leaf,3,0.7079,0.0565,0.0,10.85,val
LEAF_LEAF_11143.jpg,Leaf_Blast,2,0.4298,0.2297,0.4251,43.8,train
LEAF_BROW_11144.jpg,Brown_Spot,1,0.4332,0.2514,0.2213,28.01,train
LEAF_TUNG_11145.jpg,Tungro_Virus,4,0.3896,0.4089,0.4354,33.31,train
LEAF_BROW_11146.jpg,Brown_Spot,1,0.6746,0.3145,0.2719,42.07,train
LEAF_BACT_11147.jpg,Bacterial_Blight,0,0.4307,0.337,0.2924,39.58,test
LEAF_BROW_11148.jpg,Brown_Spot,1,0.4804,0.1759,0.1974,34.94,test
LEAF_TUNG_11149.jpg,Tungro_Virus,4,0.3265,0.4248,0.539,22.74,val
LEAF_LEAF_11150.jpg,Leaf_Blast,2,0.3082,0.3498,0.177,42.6,test
LEAF_BACT_11151.jpg,Bacterial_Blight,0,0.4484,0.5143,0.2449,33.35,test
LEAF_LEAF_11152.jpg,Leaf_Blast,2,0.5722,0.2491,0.3409,61.21,train
LEAF_HEAL_11153.jpg,Healthy_Leaf,3,0.7728,0.0192,0.0,12.47,train
LEAF_BROW_11154.jpg,Brown_Spot,1,0.5887,0.2835,0.2176,33.65,train
LEAF_BROW_11155.jpg,Brown_Spot,1,0.4843,0.2311,0.1315,51.14,test
LEAF_BACT_11156.jpg,Bacterial_Blight,0,0.3789,0.2978,0.3271,42.87,train
LEAF_HEAL_11157.jpg,Healthy_Leaf,3,0.859,0.0158,0.0,16.82,test
LEAF_BACT_11158.jpg,Bacterial_Blight,0,0.3311,0.3498,0.3649,29.97,train
LEAF_BACT_11159.jpg,Bacterial_Blight,0,0.4058,0.4653,0.3213,35.68,val
LEAF_HEAL_11160.jpg,Healthy_Leaf,3,0.6358,0.006,0.0,12.37,test
LEAF_LEAF_11161.jpg,Leaf_Blast,2,0.392,0.2387,0.3089,60.99,train
LEAF_TUNG_11162.jpg,Tungro_Virus,4,0.3812,0.3905,0.5292,23.52,train
LEAF_BACT_11163.jpg,Bacterial_Blight,0,0.6214,0.3161,0.2518,40.81,train
LEAF_TUNG_11164.jpg,Tungro_Virus,4,0.3595,0.5443,0.4871,29.98,train
LEAF_HEAL_11165.jpg,Healthy_Leaf,3,0.8053,0.0681,0.0,10.05,train
LEAF_LEAF_11166.jpg,Leaf_Blast,2,0.3828,0.1738,0.4484,36.4,train
LEAF_TUNG_11167.jpg,Tungro_Virus,4,0.2959,0.549,0.3403,29.38,val
LEAF_TUNG_11168.jpg,Tungro_Virus,4,0.2607,0.5921,0.386,36.14,val
LEAF_BACT_11169.jpg,Bacterial_Blight,0,0.5087,0.3335,0.2891,49.96,train
LEAF_BROW_11170.jpg,Brown_Spot,1,0.4663,0.2461,0.1926,38.76,test
LEAF_LEAF_11171.jpg,Leaf_Blast,2,0.4837,0.3567,0.4311,45.57,train
LEAF_HEAL_11172.jpg,Healthy_Leaf,3,0.812,0.0336,0.0,9.59,val
LEAF_HEAL_11173.jpg,Healthy_Leaf,3,0.8515,0.0354,0.0,13.4,train
LEAF_BROW_11174.jpg,Brown_Spot,1,0.5891,0.2139,0.199,39.78,train
LEAF_TUNG_11175.jpg,Tungro_Virus,4,0.2792,0.6045,0.3949,25.53,test
LEAF_LEAF_11176.jpg,Leaf_Blast,2,0.4728,0.3911,0.2878,58.03,train
LEAF_HEAL_11177.jpg,Healthy_Leaf,3,0.726,0.0815,0.0,10.93,train
LEAF_HEAL_11178.jpg,Healthy_Leaf,3,0.7724,0.0709,0.0,10.86,test
LEAF_LEAF_11179.jpg,Leaf_Blast,2,0.6263,0.3282,0.3911,42.02,train
LEAF_HEAL_11180.jpg,Healthy_Leaf,3,0.7564,0.0428,0.0,9.41,val
LEAF_BROW_11181.jpg,Brown_Spot,1,0.4302,0.2859,0.2307,43.58,train
LEAF_BROW_11182.jpg,Brown_Spot,1,0.4919,0.2965,0.1941,55.85,train
LEAF_HEAL_11183.jpg,Healthy_Leaf,3,0.8287,0.0525,0.0,9.19,train
LEAF_LEAF_11184.jpg,Leaf_Blast,2,0.3672,0.4463,0.424,51.91,train
LEAF_BROW_11185.jpg,Brown_Spot,1,0.496,0.1634,0.3341,54.44,train
LEAF_HEAL_11186.jpg,Healthy_Leaf,3,0.7512,0.0525,0.0,9.65,train
LEAF_BROW_11187.jpg,Brown_Spot,1,0.3814,0.2426,0.1979,42.24,train
LEAF_HEAL_11188.jpg,Healthy_Leaf,3,0.7998,0.0428,0.0,16.7,test
LEAF_LEAF_11189.jpg,Leaf_Blast,2,0.3392,0.2821,0.2297,60.8,test
LEAF_BROW_11190.jpg,Brown_Spot,1,0.5436,0.1867,0.2463,55.21,val
LEAF_LEAF_11191.jpg,Leaf_Blast,2,0.4471,0.2321,0.5055,58.81,train
LEAF_BACT_11192.jpg,Bacterial_Blight,0,0.4061,0.27,0.3408,33.61,train
LEAF_BROW_11193.jpg,Brown_Spot,1,0.5408,0.2869,0.1776,47.16,train
LEAF_HEAL_11194.jpg,Healthy_Leaf,3,0.7841,0.037,0.0,11.22,test
LEAF_LEAF_11195.jpg,Leaf_Blast,2,0.3979,0.2745,0.4369,61.5,train
LEAF_TUNG_11196.jpg,Tungro_Virus,4,0.306,0.6239,0.4728,21.4,val
LEAF_BACT_11197.jpg,Bacterial_Blight,0,0.5258,0.3284,0.2066,29.66,val
LEAF_TUNG_11198.jpg,Tungro_Virus,4,0.307,0.4987,0.2174,26.57,train
LEAF_BACT_11199.jpg,Bacterial_Blight,0,0.4297,0.4898,0.3614,35.5,val
LEAF_LEAF_11200.jpg,Leaf_Blast,2,0.5265,0.2023,0.2623,46.53,val
LEAF_BACT_11201.jpg,Bacterial_Blight,0,0.4448,0.3443,0.3227,41.68,train
LEAF_TUNG_11202.jpg,Tungro_Virus,4,0.2219,0.4968,0.398,23.02,train
LEAF_HEAL_11203.jpg,Healthy_Leaf,3,0.8109,0.0064,0.0,13.81,train
LEAF_HEAL_11204.jpg,Healthy_Leaf,3,0.773,0.0287,0.0,11.76,train
LEAF_BROW_11205.jpg,Brown_Spot,1,0.4971,0.2328,0.0957,50.96,train
LEAF_LEAF_11206.jpg,Leaf_Blast,2,0.3591,0.2276,0.4052,54.7,train
LEAF_BACT_11207.jpg,Bacterial_Blight,0,0.4573,0.4252,0.1549,41.77,train
LEAF_LEAF_11208.jpg,Leaf_Blast,2,0.3353,0.3085,0.4767,50.4,train
LEAF_BACT_11209.jpg,Bacterial_Blight,0,0.6257,0.4059,0.3632,44.11,train
LEAF_HEAL_11210.jpg,Healthy_Leaf,3,0.6928,0.0216,0.0,10.29,train
LEAF_TUNG_11211.jpg,Tungro_Virus,4,0.3596,0.4785,0.6287,26.34,test
LEAF_LEAF_11212.jpg,Leaf_Blast,2,0.4983,0.3398,0.2874,61.14,train
LEAF_BROW_11213.jpg,Brown_Spot,1,0.4094,0.2795,0.3724,45.41,train
LEAF_BROW_11214.jpg,Brown_Spot,1,0.639,0.2948,0.1156,43.82,train
LEAF_BACT_11215.jpg,Bacterial_Blight,0,0.5734,0.4101,0.3209,35.75,train
LEAF_HEAL_11216.jpg,Healthy_Leaf,3,0.7901,0.0474,0.0,14.66,train
LEAF_BACT_11217.jpg,Bacterial_Blight,0,0.5187,0.4131,0.3903,32.93,train
LEAF_BACT_11218.jpg,Bacterial_Blight,0,0.4377,0.3505,0.2477,29.01,train
LEAF_LEAF_11219.jpg,Leaf_Blast,2,0.3257,0.4097,0.4165,49.16,val
LEAF_TUNG_11220.jpg,Tungro_Virus,4,0.2539,0.5788,0.352,30.62,train
LEAF_BACT_11221.jpg,Bacterial_Blight,0,0.4688,0.3873,0.453,36.8,train
LEAF_HEAL_11222.jpg,Healthy_Leaf,3,0.8509,0.0332,0.0,13.89,train
LEAF_LEAF_11223.jpg,Leaf_Blast,2,0.4453,0.3408,0.3965,42.94,train
LEAF_TUNG_11224.jpg,Tungro_Virus,4,0.3332,0.6383,0.5093,27.86,train
LEAF_HEAL_11225.jpg,Healthy_Leaf,3,0.7545,0.0124,0.0,12.94,train
LEAF_BROW_11226.jpg,Brown_Spot,1,0.4744,0.2522,0.2425,42.55,train
LEAF_BROW_11227.jpg,Brown_Spot,1,0.5933,0.1074,0.2015,54.27,val
LEAF_LEAF_11228.jpg,Leaf_Blast,2,0.2873,0.213,0.3963,62.85,train
LEAF_BACT_11229.jpg,Bacterial_Blight,0,0.5121,0.2929,0.3617,24.62,train
LEAF_HEAL_11230.jpg,Healthy_Leaf,3,0.7576,0.053,0.0,13.39,train
LEAF_LEAF_11231.jpg,Leaf_Blast,2,0.4494,0.3143,0.2789,58.43,val
LEAF_LEAF_11232.jpg,Leaf_Blast,2,0.505,0.3788,0.3358,51.99,test
LEAF_LEAF_11233.jpg,Leaf_Blast,2,0.4981,0.1439,0.5193,52.43,train
LEAF_BROW_11234.jpg,Brown_Spot,1,0.4064,0.1955,0.2115,54.09,train
LEAF_LEAF_11235.jpg,Leaf_Blast,2,0.4829,0.2423,0.2828,47.06,test
LEAF_BROW_11236.jpg,Brown_Spot,1,0.4954,0.2362,0.1997,40.97,test
LEAF_TUNG_11237.jpg,Tungro_Virus,4,0.3281,0.5548,0.2904,28.14,train
LEAF_BROW_11238.jpg,Brown_Spot,1,0.5118,0.2799,0.1518,37.55,train
LEAF_LEAF_11239.jpg,Leaf_Blast,2,0.424,0.3461,0.4476,54.43,train
LEAF_TUNG_11240.jpg,Tungro_Virus,4,0.2789,0.6102,0.3554,29.87,train
LEAF_TUNG_11241.jpg,Tungro_Virus,4,0.3128,0.5578,0.4985,26.38,train
LEAF_BROW_11242.jpg,Brown_Spot,1,0.4088,0.2276,0.1163,45.64,val
LEAF_BACT_11243.jpg,Bacterial_Blight,0,0.4725,0.4589,0.4228,38.72,test
LEAF_HEAL_11244.jpg,Healthy_Leaf,3,0.7758,0.0346,0.0,12.85,train
LEAF_BROW_11245.jpg,Brown_Spot,1,0.5534,0.2255,0.2143,38.33,test
LEAF_BACT_11246.jpg,Bacterial_Blight,0,0.38,0.3926,0.2616,29.12,train
LEAF_BROW_11247.jpg,Brown_Spot,1,0.5742,0.259,0.1677,41.47,train
LEAF_HEAL_11248.jpg,Healthy_Leaf,3,0.7241,0.0633,0.0,12.34,val
LEAF_LEAF_11249.jpg,Leaf_Blast,2,0.514,0.2188,0.327,60.52,train
LEAF_BROW_11250.jpg,Brown_Spot,1,0.3525,0.2842,0.2842,49.38,train
LEAF_LEAF_11251.jpg,Leaf_Blast,2,0.4693,0.3147,0.4814,46.19,test
LEAF_LEAF_11252.jpg,Leaf_Blast,2,0.4178,0.3156,0.4385,59.24,train
LEAF_BROW_11253.jpg,Brown_Spot,1,0.5614,0.3206,0.2238,36.71,train
LEAF_TUNG_11254.jpg,Tungro_Virus,4,0.2264,0.6003,0.3798,21.13,train
LEAF_BACT_11255.jpg,Bacterial_Blight,0,0.3537,0.4643,0.3587,36.09,test
LEAF_HEAL_11256.jpg,Healthy_Leaf,3,0.799,0.0392,0.0,14.57,train
LEAF_TUNG_11257.jpg,Tungro_Virus,4,0.3128,0.6536,0.3787,21.97,train
LEAF_BROW_11258.jpg,Brown_Spot,1,0.5662,0.2289,0.2323,42.03,train
LEAF_BROW_11259.jpg,Brown_Spot,1,0.5136,0.2412,0.2448,46.73,train
LEAF_LEAF_11260.jpg,Leaf_Blast,2,0.5356,0.294,0.3572,63.2,train
LEAF_HEAL_11261.jpg,Healthy_Leaf,3,0.7799,0.0398,0.0,12.98,train
LEAF_LEAF_11262.jpg,Leaf_Blast,2,0.4826,0.3203,0.1562,45.34,val
LEAF_TUNG_11263.jpg,Tungro_Virus,4,0.4287,0.5667,0.3311,34.71,train
LEAF_LEAF_11264.jpg,Leaf_Blast,2,0.3841,0.2849,0.4394,50.25,test
LEAF_TUNG_11265.jpg,Tungro_Virus,4,0.2979,0.5809,0.3164,21.9,test
LEAF_BROW_11266.jpg,Brown_Spot,1,0.57,0.3059,0.2919,35.27,val
LEAF_HEAL_11267.jpg,Healthy_Leaf,3,0.7451,0.085,0.0,10.68,train
LEAF_HEAL_11268.jpg,Healthy_Leaf,3,0.698,0.029,0.0,13.03,train
LEAF_BROW_11269.jpg,Brown_Spot,1,0.4007,0.263,0.1909,41.28,train
LEAF_BROW_11270.jpg,Brown_Spot,1,0.479,0.159,0.2913,55.15,train
LEAF_BACT_11271.jpg,Bacterial_Blight,0,0.2939,0.3695,0.4001,35.67,train
LEAF_LEAF_11272.jpg,Leaf_Blast,2,0.4429,0.4236,0.3952,48.12,val
LEAF_TUNG_11273.jpg,Tungro_Virus,4,0.2768,0.5794,0.3374,24.54,val
LEAF_LEAF_11274.jpg,Leaf_Blast,2,0.4162,0.2661,0.3915,40.6,train
LEAF_BROW_11275.jpg,Brown_Spot,1,0.5942,0.246,0.2128,43.2,train
LEAF_BROW_11276.jpg,Brown_Spot,1,0.4289,0.2506,0.2015,47.66,train
LEAF_LEAF_11277.jpg,Leaf_Blast,2,0.4581,0.3519,0.3614,48.4,train
LEAF_BROW_11278.jpg,Brown_Spot,1,0.5867,0.3347,0.2218,40.42,val
LEAF_HEAL_11279.jpg,Healthy_Leaf,3,0.7803,0.0595,0.0,10.0,train
LEAF_TUNG_11280.jpg,Tungro_Virus,4,0.3253,0.6768,0.5203,29.4,train
LEAF_BROW_11281.jpg,Brown_Spot,1,0.4651,0.2856,0.2795,43.19,val
LEAF_BROW_11282.jpg,Brown_Spot,1,0.4778,0.1903,0.17,41.67,val
LEAF_BROW_11283.jpg,Brown_Spot,1,0.3661,0.2059,0.2172,46.26,train
LEAF_BACT_11284.jpg,Bacterial_Blight,0,0.6153,0.4727,0.1919,28.46,train
LEAF_LEAF_11285.jpg,Leaf_Blast,2,0.3546,0.3011,0.3708,46.13,train
LEAF_BROW_11286.jpg,Brown_Spot,1,0.4912,0.2771,0.1553,41.16,train
LEAF_BACT_11287.jpg,Bacterial_Blight,0,0.5021,0.5025,0.3658,40.98,train
LEAF_BROW_11288.jpg,Brown_Spot,1,0.483,0.2145,0.2435,35.09,train
LEAF_TUNG_11289.jpg,Tungro_Virus,4,0.364,0.5221,0.3599,26.37,test
LEAF_BROW_11290.jpg,Brown_Spot,1,0.5758,0.3453,0.1903,24.91,val
LEAF_BACT_11291.jpg,Bacterial_Blight,0,0.5372,0.3982,0.2803,46.57,train
LEAF_BACT_11292.jpg,Bacterial_Blight,0,0.3936,0.3812,0.4471,37.3,train
LEAF_LEAF_11293.jpg,Leaf_Blast,2,0.427,0.3805,0.3275,49.78,train
LEAF_HEAL_11294.jpg,Healthy_Leaf,3,0.8446,0.0143,0.0,13.86,train
LEAF_LEAF_11295.jpg,Leaf_Blast,2,0.5817,0.2553,0.3282,59.07,train
LEAF_BROW_11296.jpg,Brown_Spot,1,0.4268,0.2087,0.1449,54.59,train
LEAF_TUNG_11297.jpg,Tungro_Virus,4,0.2812,0.5803,0.3909,31.08,train
LEAF_LEAF_11298.jpg,Leaf_Blast,2,0.4623,0.2699,0.403,53.61,train
LEAF_BROW_11299.jpg,Brown_Spot,1,0.5286,0.226,0.2182,43.88,train
LEAF_BACT_11300.jpg,Bacterial_Blight,0,0.6364,0.3871,0.2645,38.56,val
LEAF_TUNG_11301.jpg,Tungro_Virus,4,0.4623,0.5226,0.6209,35.76,train
LEAF_TUNG_11302.jpg,Tungro_Virus,4,0.3712,0.6113,0.3665,23.5,train
LEAF_LEAF_11303.jpg,Leaf_Blast,2,0.331,0.265,0.3445,58.97,train
LEAF_HEAL_11304.jpg,Healthy_Leaf,3,0.7511,0.0186,0.0,14.75,train
LEAF_BROW_11305.jpg,Brown_Spot,1,0.5004,0.2498,0.1951,39.96,train
LEAF_BACT_11306.jpg,Bacterial_Blight,0,0.4672,0.4116,0.3242,38.39,val
LEAF_LEAF_11307.jpg,Leaf_Blast,2,0.5667,0.3938,0.4283,66.6,test
LEAF_HEAL_11308.jpg,Healthy_Leaf,3,0.8019,0.0465,0.0,16.99,val
LEAF_BROW_11309.jpg,Brown_Spot,1,0.3292,0.299,0.3739,45.64,val
LEAF_BACT_11310.jpg,Bacterial_Blight,0,0.4455,0.4773,0.4507,37.72,train
LEAF_BACT_11311.jpg,Bacterial_Blight,0,0.5002,0.4428,0.4482,34.51,test
LEAF_BROW_11312.jpg,Brown_Spot,1,0.537,0.2306,0.1044,51.02,test
LEAF_BROW_11313.jpg,Brown_Spot,1,0.4988,0.2676,0.2474,35.22,val
LEAF_BACT_11314.jpg,Bacterial_Blight,0,0.5245,0.2655,0.3816,43.59,test
LEAF_LEAF_11315.jpg,Leaf_Blast,2,0.3405,0.2686,0.4106,32.5,train
LEAF_LEAF_11316.jpg,Leaf_Blast,2,0.5379,0.3689,0.5056,55.4,train
LEAF_BACT_11317.jpg,Bacterial_Blight,0,0.6087,0.2868,0.3733,37.34,train
LEAF_BROW_11318.jpg,Brown_Spot,1,0.4648,0.2938,0.3005,52.06,train
LEAF_LEAF_11319.jpg,Leaf_Blast,2,0.3883,0.2818,0.3526,45.46,test
LEAF_HEAL_11320.jpg,Healthy_Leaf,3,0.854,0.0098,0.0,13.57,train
LEAF_BROW_11321.jpg,Brown_Spot,1,0.3888,0.2392,0.1441,45.34,test
LEAF_BACT_11322.jpg,Bacterial_Blight,0,0.6215,0.392,0.4798,33.09,train
LEAF_BROW_11323.jpg,Brown_Spot,1,0.5154,0.3861,0.1203,48.72,train
LEAF_BACT_11324.jpg,Bacterial_Blight,0,0.3794,0.4327,0.3165,43.44,train
LEAF_LEAF_11325.jpg,Leaf_Blast,2,0.5377,0.1591,0.1817,45.58,val
LEAF_BROW_11326.jpg,Brown_Spot,1,0.508,0.3124,0.1859,46.91,val
LEAF_HEAL_11327.jpg,Healthy_Leaf,3,0.7568,0.0324,0.0,11.9,train
LEAF_BROW_11328.jpg,Brown_Spot,1,0.4043,0.279,0.2255,53.02,train
LEAF_BACT_11329.jpg,Bacterial_Blight,0,0.4856,0.4235,0.1781,34.42,train
LEAF_TUNG_11330.jpg,Tungro_Virus,4,0.2783,0.6129,0.5027,28.4,train
LEAF_BROW_11331.jpg,Brown_Spot,1,0.3465,0.2249,0.2203,42.18,train
LEAF_BROW_11332.jpg,Brown_Spot,1,0.6272,0.2914,0.2621,49.72,train
LEAF_BROW_11333.jpg,Brown_Spot,1,0.5852,0.1483,0.1982,40.33,train
LEAF_BROW_11334.jpg,Brown_Spot,1,0.6013,0.1906,0.3393,44.87,val
LEAF_LEAF_11335.jpg,Leaf_Blast,2,0.3875,0.2727,0.4118,60.31,val
LEAF_BROW_11336.jpg,Brown_Spot,1,0.3876,0.215,0.2449,40.45,val
LEAF_BROW_11337.jpg,Brown_Spot,1,0.4888,0.2601,0.2259,60.04,train
LEAF_BROW_11338.jpg,Brown_Spot,1,0.6418,0.3713,0.1855,57.53,test
LEAF_BROW_11339.jpg,Brown_Spot,1,0.4902,0.2455,0.2497,54.45,test
LEAF_BROW_11340.jpg,Brown_Spot,1,0.5731,0.2571,0.3204,50.26,train
LEAF_HEAL_11341.jpg,Healthy_Leaf,3,0.7433,0.0357,0.0,8.46,train
LEAF_BROW_11342.jpg,Brown_Spot,1,0.6418,0.2543,0.1138,38.48,train
LEAF_BROW_11343.jpg,Brown_Spot,1,0.6619,0.353,0.1527,44.95,train
LEAF_BACT_11344.jpg,Bacterial_Blight,0,0.6111,0.4447,0.3847,37.03,train
LEAF_HEAL_11345.jpg,Healthy_Leaf,3,0.8002,0.0377,0.0,13.14,train
LEAF_BROW_11346.jpg,Brown_Spot,1,0.5402,0.2002,0.164,43.87,train
LEAF_BROW_11347.jpg,Brown_Spot,1,0.4953,0.2646,0.3027,44.93,train
LEAF_BACT_11348.jpg,Bacterial_Blight,0,0.4739,0.4514,0.403,42.84,train
LEAF_TUNG_11349.jpg,Tungro_Virus,4,0.3762,0.6149,0.4901,28.98,test
LEAF_HEAL_11350.jpg,Healthy_Leaf,3,0.7592,0.0527,0.0,12.7,train
LEAF_LEAF_11351.jpg,Leaf_Blast,2,0.5104,0.2971,0.3502,46.31,train
LEAF_HEAL_11352.jpg,Healthy_Leaf,3,0.8217,0.0434,0.0,11.85,train
LEAF_LEAF_11353.jpg,Leaf_Blast,2,0.4447,0.3611,0.5684,55.36,test
LEAF_BROW_11354.jpg,Brown_Spot,1,0.5003,0.2371,0.2721,43.96,train
LEAF_TUNG_11355.jpg,Tungro_Virus,4,0.4229,0.7149,0.417,27.68,train
LEAF_LEAF_11356.jpg,Leaf_Blast,2,0.4482,0.2239,0.4625,59.63,val
LEAF_LEAF_11357.jpg,Leaf_Blast,2,0.5358,0.2984,0.4277,42.28,train
LEAF_BACT_11358.jpg,Bacterial_Blight,0,0.4616,0.3005,0.3763,43.14,train
LEAF_BROW_11359.jpg,Brown_Spot,1,0.4679,0.2748,0.1842,44.2,train
LEAF_HEAL_11360.jpg,Healthy_Leaf,3,0.7263,0.063,0.0,13.49,train
LEAF_BROW_11361.jpg,Brown_Spot,1,0.4692,0.2275,0.1595,38.3,train
LEAF_HEAL_11362.jpg,Healthy_Leaf,3,0.8533,0.0241,0.0,10.0,train
LEAF_BACT_11363.jpg,Bacterial_Blight,0,0.4018,0.3709,0.2581,38.44,train
LEAF_HEAL_11364.jpg,Healthy_Leaf,3,0.7888,0.054,0.0,15.44,val
LEAF_BROW_11365.jpg,Brown_Spot,1,0.5246,0.1736,0.327,58.64,train
LEAF_TUNG_11366.jpg,Tungro_Virus,4,0.3037,0.5429,0.5711,27.93,train
LEAF_HEAL_11367.jpg,Healthy_Leaf,3,0.7594,0.028,0.0,11.01,train
LEAF_BROW_11368.jpg,Brown_Spot,1,0.556,0.3162,0.1627,50.18,train
LEAF_HEAL_11369.jpg,Healthy_Leaf,3,0.6768,0.069,0.0,9.96,val
LEAF_BACT_11370.jpg,Bacterial_Blight,0,0.5016,0.4337,0.2177,36.57,test
LEAF_HEAL_11371.jpg,Healthy_Leaf,3,0.7491,0.0178,0.0,13.69,val
LEAF_BROW_11372.jpg,Brown_Spot,1,0.586,0.2107,0.3099,48.37,test
LEAF_BROW_11373.jpg,Brown_Spot,1,0.4344,0.3491,0.1933,52.23,val
LEAF_BACT_11374.jpg,Bacterial_Blight,0,0.4917,0.4025,0.3921,42.23,train
LEAF_BACT_11375.jpg,Bacterial_Blight,0,0.4526,0.4119,0.3565,39.07,train
LEAF_LEAF_11376.jpg,Leaf_Blast,2,0.4337,0.2793,0.4586,47.66,train
LEAF_LEAF_11377.jpg,Leaf_Blast,2,0.3795,0.3397,0.4036,61.85,train
LEAF_BACT_11378.jpg,Bacterial_Blight,0,0.5126,0.429,0.2353,42.92,train
LEAF_BACT_11379.jpg,Bacterial_Blight,0,0.4611,0.4203,0.1828,41.15,test
LEAF_TUNG_11380.jpg,Tungro_Virus,4,0.1855,0.5579,0.2794,30.53,test
LEAF_BROW_11381.jpg,Brown_Spot,1,0.5248,0.2115,0.3061,39.62,train
LEAF_HEAL_11382.jpg,Healthy_Leaf,3,0.6284,0.0503,0.0,8.97,train
LEAF_BACT_11383.jpg,Bacterial_Blight,0,0.3661,0.3504,0.2076,38.81,train
LEAF_BACT_11384.jpg,Bacterial_Blight,0,0.573,0.4269,0.3135,33.06,train
LEAF_LEAF_11385.jpg,Leaf_Blast,2,0.4661,0.1799,0.4227,52.23,train
LEAF_LEAF_11386.jpg,Leaf_Blast,2,0.4953,0.2913,0.2843,58.6,val
LEAF_BROW_11387.jpg,Brown_Spot,1,0.5481,0.2704,0.2557,39.48,train
LEAF_BROW_11388.jpg,Brown_Spot,1,0.5933,0.2027,0.1707,48.23,train
LEAF_BROW_11389.jpg,Brown_Spot,1,0.4873,0.1337,0.162,52.09,train
LEAF_BROW_11390.jpg,Brown_Spot,1,0.4494,0.268,0.2404,43.23,train
LEAF_BROW_11391.jpg,Brown_Spot,1,0.5458,0.2919,0.2973,38.34,train
LEAF_HEAL_11392.jpg,Healthy_Leaf,3,0.8483,0.0389,0.0,12.55,train
LEAF_LEAF_11393.jpg,Leaf_Blast,2,0.5215,0.3493,0.3814,49.48,train
LEAF_BACT_11394.jpg,Bacterial_Blight,0,0.5298,0.4296,0.199,38.11,train
LEAF_BROW_11395.jpg,Brown_Spot,1,0.3606,0.2746,0.1556,42.47,train
LEAF_TUNG_11396.jpg,Tungro_Virus,4,0.127,0.587,0.3007,29.59,test
LEAF_BROW_11397.jpg,Brown_Spot,1,0.6357,0.2065,0.2154,35.81,train
LEAF_LEAF_11398.jpg,Leaf_Blast,2,0.513,0.2439,0.3555,58.47,train
LEAF_LEAF_11399.jpg,Leaf_Blast,2,0.5684,0.3167,0.5106,40.64,train
LEAF_TUNG_11400.jpg,Tungro_Virus,4,0.2627,0.5364,0.472,31.91,train
LEAF_TUNG_11401.jpg,Tungro_Virus,4,0.3141,0.5651,0.5089,26.92,train
LEAF_LEAF_11402.jpg,Leaf_Blast,2,0.5414,0.2125,0.3835,43.0,train
LEAF_BROW_11403.jpg,Brown_Spot,1,0.4288,0.2484,0.189,53.34,val
LEAF_BACT_11404.jpg,Bacterial_Blight,0,0.5853,0.4957,0.3237,43.92,train
LEAF_HEAL_11405.jpg,Healthy_Leaf,3,0.7954,-0.0053,0.0,13.77,train
LEAF_LEAF_11406.jpg,Leaf_Blast,2,0.4492,0.3694,0.3176,60.35,train
LEAF_BACT_11407.jpg,Bacterial_Blight,0,0.4688,0.3485,0.42,33.33,val
LEAF_BACT_11408.jpg,Bacterial_Blight,0,0.422,0.3263,0.2286,38.77,train
LEAF_TUNG_11409.jpg,Tungro_Virus,4,0.2892,0.6191,0.2765,23.51,val
LEAF_LEAF_11410.jpg,Leaf_Blast,2,0.4803,0.2587,0.2159,47.47,train
LEAF_LEAF_11411.jpg,Leaf_Blast,2,0.3529,0.2484,0.3268,51.62,val
LEAF_BACT_11412.jpg,Bacterial_Blight,0,0.49,0.3578,0.3715,40.81,train
LEAF_BACT_11413.jpg,Bacterial_Blight,0,0.5512,0.4434,0.3497,36.83,train
LEAF_TUNG_11414.jpg,Tungro_Virus,4,0.3453,0.6446,0.4616,28.91,train
LEAF_BROW_11415.jpg,Brown_Spot,1,0.5078,0.2161,0.1796,53.6,train
LEAF_LEAF_11416.jpg,Leaf_Blast,2,0.3632,0.2746,0.2923,54.22,train
LEAF_BROW_11417.jpg,Brown_Spot,1,0.5169,0.233,0.2191,42.49,train
LEAF_BROW_11418.jpg,Brown_Spot,1,0.4975,0.2023,0.2858,49.02,train
LEAF_LEAF_11419.jpg,Leaf_Blast,2,0.3985,0.2366,0.3055,47.33,train
LEAF_LEAF_11420.jpg,Leaf_Blast,2,0.5018,0.3064,0.3979,43.99,val
LEAF_LEAF_11421.jpg,Leaf_Blast,2,0.3812,0.2379,0.4141,45.22,val
LEAF_LEAF_11422.jpg,Leaf_Blast,2,0.3801,0.4081,0.3198,44.15,train
LEAF_TUNG_11423.jpg,Tungro_Virus,4,0.3208,0.5185,0.46,19.73,train
LEAF_BROW_11424.jpg,Brown_Spot,1,0.5353,0.3149,0.1141,42.56,train
LEAF_BROW_11425.jpg,Brown_Spot,1,0.3763,0.191,0.2055,51.89,train
LEAF_BROW_11426.jpg,Brown_Spot,1,0.5354,0.3336,0.2543,48.77,train
LEAF_HEAL_11427.jpg,Healthy_Leaf,3,0.7514,0.0623,0.0,8.4,train
LEAF_BACT_11428.jpg,Bacterial_Blight,0,0.4254,0.3547,0.3701,37.46,train
LEAF_BACT_11429.jpg,Bacterial_Blight,0,0.3563,0.3337,0.2774,42.69,train
LEAF_HEAL_11430.jpg,Healthy_Leaf,3,0.818,0.0272,0.0,13.34,test
LEAF_HEAL_11431.jpg,Healthy_Leaf,3,0.752,0.0294,0.0,12.1,val
LEAF_HEAL_11432.jpg,Healthy_Leaf,3,0.8626,0.0722,0.0,14.31,train
LEAF_BROW_11433.jpg,Brown_Spot,1,0.4408,0.2944,0.2809,48.91,train
LEAF_BACT_11434.jpg,Bacterial_Blight,0,0.4644,0.4128,0.3184,33.11,val
LEAF_BROW_11435.jpg,Brown_Spot,1,0.4566,0.2094,0.2652,45.8,train
LEAF_TUNG_11436.jpg,Tungro_Virus,4,0.3546,0.4817,0.5049,25.36,train
LEAF_BACT_11437.jpg,Bacterial_Blight,0,0.589,0.3581,0.4961,27.69,test
LEAF_BROW_11438.jpg,Brown_Spot,1,0.4118,0.3162,0.3145,39.82,test
LEAF_LEAF_11439.jpg,Leaf_Blast,2,0.4316,0.3105,0.351,41.63,train
LEAF_BROW_11440.jpg,Brown_Spot,1,0.4959,0.2506,0.2262,34.62,train
LEAF_TUNG_11441.jpg,Tungro_Virus,4,0.2567,0.7239,0.4153,26.87,train
LEAF_LEAF_11442.jpg,Leaf_Blast,2,0.5045,0.3578,0.2599,52.61,val
LEAF_BROW_11443.jpg,Brown_Spot,1,0.5758,0.3317,0.0905,41.22,train
LEAF_LEAF_11444.jpg,Leaf_Blast,2,0.5145,0.3794,0.3474,42.05,val
LEAF_LEAF_11445.jpg,Leaf_Blast,2,0.5731,0.3146,0.262,64.17,test
LEAF_BACT_11446.jpg,Bacterial_Blight,0,0.5457,0.3253,0.3474,39.48,test
LEAF_BROW_11447.jpg,Brown_Spot,1,0.4754,0.2674,0.2864,43.22,train
LEAF_LEAF_11448.jpg,Leaf_Blast,2,0.6275,0.304,0.4466,53.53,train
LEAF_BACT_11449.jpg,Bacterial_Blight,0,0.3272,0.4213,0.3355,37.04,train
LEAF_TUNG_11450.jpg,Tungro_Virus,4,0.3564,0.657,0.3951,24.66,train
LEAF_BROW_11451.jpg,Brown_Spot,1,0.5516,0.1838,0.3052,40.07,train
LEAF_BROW_11452.jpg,Brown_Spot,1,0.3819,0.2982,0.2633,46.92,val
LEAF_BACT_11453.jpg,Bacterial_Blight,0,0.5639,0.3209,0.3981,42.65,train
LEAF_HEAL_11454.jpg,Healthy_Leaf,3,0.8268,0.0502,0.0,10.47,train
LEAF_TUNG_11455.jpg,Tungro_Virus,4,0.298,0.6669,0.4158,24.0,test
LEAF_BACT_11456.jpg,Bacterial_Blight,0,0.6555,0.2791,0.28,39.4,train
LEAF_LEAF_11457.jpg,Leaf_Blast,2,0.5289,0.2918,0.2714,50.46,train
LEAF_BROW_11458.jpg,Brown_Spot,1,0.4976,0.2466,0.1611,49.7,val
LEAF_TUNG_11459.jpg,Tungro_Virus,4,0.3422,0.4789,0.5468,24.75,train
LEAF_LEAF_11460.jpg,Leaf_Blast,2,0.3554,0.3413,0.1,44.79,train
LEAF_BACT_11461.jpg,Bacterial_Blight,0,0.606,0.4564,0.2566,41.82,train
LEAF_LEAF_11462.jpg,Leaf_Blast,2,0.5439,0.2577,0.5942,48.57,train
LEAF_HEAL_11463.jpg,Healthy_Leaf,3,0.9293,0.0459,0.0,11.57,train
LEAF_BACT_11464.jpg,Bacterial_Blight,0,0.4729,0.3387,0.3149,31.19,val
LEAF_TUNG_11465.jpg,Tungro_Virus,4,0.2351,0.6841,0.2888,31.54,test
LEAF_TUNG_11466.jpg,Tungro_Virus,4,0.2063,0.6304,0.4292,33.29,train
LEAF_LEAF_11467.jpg,Leaf_Blast,2,0.435,0.3112,0.3381,56.03,train
LEAF_BROW_11468.jpg,Brown_Spot,1,0.45,0.2242,0.1885,59.44,test
LEAF_BACT_11469.jpg,Bacterial_Blight,0,0.5804,0.4212,0.3557,39.5,val
LEAF_TUNG_11470.jpg,Tungro_Virus,4,0.3224,0.4127,0.4131,27.04,train
LEAF_BACT_11471.jpg,Bacterial_Blight,0,0.5041,0.4261,0.3439,41.71,train
LEAF_TUNG_11472.jpg,Tungro_Virus,4,0.3515,0.4403,0.4116,25.99,train
LEAF_HEAL_11473.jpg,Healthy_Leaf,3,0.7133,0.0519,0.0,14.32,train
LEAF_LEAF_11474.jpg,Leaf_Blast,2,0.4428,0.111,0.2439,53.04,train
LEAF_BROW_11475.jpg,Brown_Spot,1,0.6273,0.2544,0.1905,41.7,train
LEAF_HEAL_11476.jpg,Healthy_Leaf,3,0.7589,0.0405,0.0,15.81,test
LEAF_TUNG_11477.jpg,Tungro_Virus,4,0.3505,0.6723,0.3639,25.39,train
LEAF_BACT_11478.jpg,Bacterial_Blight,0,0.4848,0.3995,0.4778,41.61,train
LEAF_BACT_11479.jpg,Bacterial_Blight,0,0.6004,0.4269,0.4393,35.59,train
LEAF_BROW_11480.jpg,Brown_Spot,1,0.4919,0.1968,0.2377,46.87,train
LEAF_LEAF_11481.jpg,Leaf_Blast,2,0.3745,0.3564,0.3665,52.31,train
LEAF_HEAL_11482.jpg,Healthy_Leaf,3,0.7436,0.0231,0.0,8.47,train
LEAF_BROW_11483.jpg,Brown_Spot,1,0.5293,0.2043,0.2189,40.21,val
LEAF_BACT_11484.jpg,Bacterial_Blight,0,0.4977,0.4076,0.2964,36.19,val
LEAF_LEAF_11485.jpg,Leaf_Blast,2,0.4648,0.3223,0.4486,56.27,train
LEAF_BACT_11486.jpg,Bacterial_Blight,0,0.3745,0.4321,0.4742,35.58,train
LEAF_TUNG_11487.jpg,Tungro_Virus,4,0.3233,0.7115,0.3152,30.71,train
LEAF_TUNG_11488.jpg,Tungro_Virus,4,0.3601,0.6513,0.4251,24.79,train
LEAF_HEAL_11489.jpg,Healthy_Leaf,3,0.7326,0.0112,0.0,11.62,train
LEAF_TUNG_11490.jpg,Tungro_Virus,4,0.3319,0.6788,0.3983,37.36,train
LEAF_TUNG_11491.jpg,Tungro_Virus,4,0.3068,0.4993,0.4474,19.35,train
LEAF_LEAF_11492.jpg,Leaf_Blast,2,0.4533,0.2199,0.2869,47.99,train
LEAF_HEAL_11493.jpg,Healthy_Leaf,3,0.8763,0.0179,0.0,14.33,train
LEAF_BROW_11494.jpg,Brown_Spot,1,0.6012,0.3242,0.1411,52.19,test
LEAF_BACT_11495.jpg,Bacterial_Blight,0,0.4786,0.4006,0.2435,36.7,test
LEAF_HEAL_11496.jpg,Healthy_Leaf,3,0.7985,0.0256,0.0,13.76,train
LEAF_LEAF_11497.jpg,Leaf_Blast,2,0.4075,0.2373,0.2682,48.66,train
LEAF_HEAL_11498.jpg,Healthy_Leaf,3,0.7913,0.0412,0.0,10.94,train
LEAF_TUNG_11499.jpg,Tungro_Virus,4,0.2993,0.6239,0.5772,29.74,train
LEAF_HEAL_11500.jpg,Healthy_Leaf,3,0.684,0.0762,0.0,13.3,val
LEAF_BACT_11501.jpg,Bacterial_Blight,0,0.4873,0.2769,0.389,35.97,train
LEAF_HEAL_11502.jpg,Healthy_Leaf,3,0.852,0.0485,0.0,14.45,train
LEAF_LEAF_11503.jpg,Leaf_Blast,2,0.4107,0.2911,0.2164,44.0,test
LEAF_BACT_11504.jpg,Bacterial_Blight,0,0.4087,0.4196,0.3082,38.16,train
LEAF_TUNG_11505.jpg,Tungro_Virus,4,0.3095,0.5999,0.393,32.6,test
LEAF_HEAL_11506.jpg,Healthy_Leaf,3,0.8412,0.0393,0.0,11.33,train
LEAF_BROW_11507.jpg,Brown_Spot,1,0.3683,0.2045,0.2414,44.7,train
LEAF_TUNG_11508.jpg,Tungro_Virus,4,0.4594,0.5503,0.4051,32.25,train
LEAF_BROW_11509.jpg,Brown_Spot,1,0.5665,0.2402,0.2097,39.38,train
LEAF_LEAF_11510.jpg,Leaf_Blast,2,0.4558,0.2189,0.3336,66.17,test
LEAF_TUNG_11511.jpg,Tungro_Virus,4,0.2945,0.5695,0.4297,28.7,test
LEAF_BROW_11512.jpg,Brown_Spot,1,0.5528,0.2629,0.2368,43.91,train
LEAF_TUNG_11513.jpg,Tungro_Virus,4,0.326,0.5629,0.2688,38.52,train
LEAF_HEAL_11514.jpg,Healthy_Leaf,3,0.7915,0.0131,0.0,11.51,train
LEAF_LEAF_11515.jpg,Leaf_Blast,2,0.3314,0.3272,0.4114,46.21,train
LEAF_BACT_11516.jpg,Bacterial_Blight,0,0.4929,0.3387,0.3831,28.94,test
LEAF_BACT_11517.jpg,Bacterial_Blight,0,0.3996,0.3135,0.3363,40.78,train
LEAF_LEAF_11518.jpg,Leaf_Blast,2,0.4725,0.3027,0.4209,70.76,train
LEAF_BACT_11519.jpg,Bacterial_Blight,0,0.446,0.3646,0.422,33.96,train
LEAF_TUNG_11520.jpg,Tungro_Virus,4,0.3051,0.6729,0.4063,33.05,train
LEAF_BROW_11521.jpg,Brown_Spot,1,0.4035,0.2504,0.2752,45.6,train
LEAF_BACT_11522.jpg,Bacterial_Blight,0,0.4794,0.4617,0.3245,41.41,val
LEAF_BROW_11523.jpg,Brown_Spot,1,0.5658,0.2343,0.2044,57.59,train
LEAF_BACT_11524.jpg,Bacterial_Blight,0,0.5278,0.3822,0.4549,38.2,train
LEAF_BACT_11525.jpg,Bacterial_Blight,0,0.6566,0.3342,0.2804,35.63,train
LEAF_LEAF_11526.jpg,Leaf_Blast,2,0.3931,0.3282,0.3073,47.22,train
LEAF_TUNG_11527.jpg,Tungro_Virus,4,0.3645,0.6233,0.5391,27.38,train
LEAF_BACT_11528.jpg,Bacterial_Blight,0,0.417,0.51,0.2311,43.5,val
LEAF_BROW_11529.jpg,Brown_Spot,1,0.4727,0.2372,0.2349,46.37,train
LEAF_TUNG_11530.jpg,Tungro_Virus,4,0.2796,0.4689,0.3608,15.53,train
LEAF_HEAL_11531.jpg,Healthy_Leaf,3,0.7826,0.0517,0.0,13.36,test
LEAF_BROW_11532.jpg,Brown_Spot,1,0.4674,0.3268,0.2036,57.06,test
LEAF_HEAL_11533.jpg,Healthy_Leaf,3,0.6982,0.0346,0.0,12.2,train
LEAF_LEAF_11534.jpg,Leaf_Blast,2,0.4468,0.3319,0.3522,44.33,train
LEAF_HEAL_11535.jpg,Healthy_Leaf,3,0.6855,0.0921,0.0,14.24,test
LEAF_HEAL_11536.jpg,Healthy_Leaf,3,0.8002,0.0261,0.0,9.0,train
LEAF_LEAF_11537.jpg,Leaf_Blast,2,0.4059,0.21,0.2827,59.25,train
LEAF_BACT_11538.jpg,Bacterial_Blight,0,0.5399,0.3903,0.367,32.34,train
LEAF_BROW_11539.jpg,Brown_Spot,1,0.4643,0.2656,0.1597,45.65,train
LEAF_BROW_11540.jpg,Brown_Spot,1,0.4316,0.3014,0.1822,35.88,train
LEAF_HEAL_11541.jpg,Healthy_Leaf,3,0.6696,0.0278,0.0,11.77,train
LEAF_BROW_11542.jpg,Brown_Spot,1,0.66,0.2109,0.363,44.3,train
LEAF_HEAL_11543.jpg,Healthy_Leaf,3,0.7953,0.0769,0.0,14.07,train
LEAF_BROW_11544.jpg,Brown_Spot,1,0.5462,0.2729,0.3081,45.77,train
LEAF_BROW_11545.jpg,Brown_Spot,1,0.4786,0.2565,0.1686,39.21,train
LEAF_HEAL_11546.jpg,Healthy_Leaf,3,0.7774,0.0457,0.0,12.88,train
LEAF_TUNG_11547.jpg,Tungro_Virus,4,0.2953,0.6391,0.4275,23.25,train
LEAF_LEAF_11548.jpg,Leaf_Blast,2,0.5715,0.3355,0.2628,52.17,test
LEAF_BROW_11549.jpg,Brown_Spot,1,0.5752,0.2731,0.2648,44.31,train
LEAF_LEAF_11550.jpg,Leaf_Blast,2,0.4118,0.3568,0.4151,50.18,test
LEAF_TUNG_11551.jpg,Tungro_Virus,4,0.2997,0.6772,0.4485,29.04,train
LEAF_LEAF_11552.jpg,Leaf_Blast,2,0.4079,0.2845,0.3567,52.68,train
LEAF_HEAL_11553.jpg,Healthy_Leaf,3,0.7167,0.0751,0.0,13.72,val
LEAF_LEAF_11554.jpg,Leaf_Blast,2,0.4165,0.2448,0.369,42.27,train
LEAF_HEAL_11555.jpg,Healthy_Leaf,3,0.7741,0.0363,0.0,14.1,train
LEAF_LEAF_11556.jpg,Leaf_Blast,2,0.4799,0.3391,0.3597,59.63,val
LEAF_BACT_11557.jpg,Bacterial_Blight,0,0.3868,0.284,0.3825,38.1,test
LEAF_BACT_11558.jpg,Bacterial_Blight,0,0.4429,0.3161,0.3862,30.46,test
LEAF_TUNG_11559.jpg,Tungro_Virus,4,0.3796,0.6161,0.3042,28.5,train
LEAF_LEAF_11560.jpg,Leaf_Blast,2,0.3838,0.3502,0.2226,42.4,test
LEAF_BROW_11561.jpg,Brown_Spot,1,0.5768,0.2913,0.2497,35.32,test
LEAF_LEAF_11562.jpg,Leaf_Blast,2,0.4855,0.3127,0.3796,54.19,train
LEAF_BROW_11563.jpg,Brown_Spot,1,0.5123,0.2854,0.0817,54.97,train
LEAF_LEAF_11564.jpg,Leaf_Blast,2,0.6195,0.2073,0.4235,44.88,train
LEAF_TUNG_11565.jpg,Tungro_Virus,4,0.2816,0.5307,0.4948,29.3,train
LEAF_BACT_11566.jpg,Bacterial_Blight,0,0.4637,0.2708,0.2853,46.3,train
LEAF_LEAF_11567.jpg,Leaf_Blast,2,0.5152,0.2351,0.3693,50.8,val
LEAF_TUNG_11568.jpg,Tungro_Virus,4,0.4257,0.5663,0.3355,26.12,train
LEAF_BACT_11569.jpg,Bacterial_Blight,0,0.6216,0.4549,0.4833,40.4,train
LEAF_LEAF_11570.jpg,Leaf_Blast,2,0.4716,0.2909,0.4201,44.14,train
LEAF_LEAF_11571.jpg,Leaf_Blast,2,0.477,0.3473,0.2041,42.62,train
LEAF_BACT_11572.jpg,Bacterial_Blight,0,0.3682,0.4627,0.3549,41.0,train
LEAF_BROW_11573.jpg,Brown_Spot,1,0.5655,0.2159,0.1275,44.54,train
LEAF_BACT_11574.jpg,Bacterial_Blight,0,0.4236,0.4233,0.112,45.15,train
LEAF_TUNG_11575.jpg,Tungro_Virus,4,0.3114,0.6666,0.4458,26.89,train
LEAF_LEAF_11576.jpg,Leaf_Blast,2,0.3723,0.3297,0.2522,55.51,val
LEAF_BROW_11577.jpg,Brown_Spot,1,0.513,0.2523,0.3179,40.6,train
LEAF_HEAL_11578.jpg,Healthy_Leaf,3,0.8398,0.0757,0.0,11.97,train
LEAF_LEAF_11579.jpg,Leaf_Blast,2,0.2745,0.2586,0.5094,47.76,train
LEAF_BROW_11580.jpg,Brown_Spot,1,0.4758,0.289,0.2596,50.11,val
LEAF_HEAL_11581.jpg,Healthy_Leaf,3,0.7802,0.063,0.0,11.25,train
LEAF_HEAL_11582.jpg,Healthy_Leaf,3,0.7721,0.0364,0.0,10.5,train
LEAF_HEAL_11583.jpg,Healthy_Leaf,3,0.6932,0.0346,0.0,11.04,val
LEAF_BACT_11584.jpg,Bacterial_Blight,0,0.4595,0.3496,0.4223,35.05,train
LEAF_LEAF_11585.jpg,Leaf_Blast,2,0.412,0.3224,0.3967,57.89,train
LEAF_TUNG_11586.jpg,Tungro_Virus,4,0.2627,0.6313,0.4263,16.84,train
LEAF_TUNG_11587.jpg,Tungro_Virus,4,0.3434,0.5213,0.4042,28.02,test
LEAF_TUNG_11588.jpg,Tungro_Virus,4,0.2268,0.5911,0.4183,24.49,train
LEAF_LEAF_11589.jpg,Leaf_Blast,2,0.4561,0.3329,0.3775,57.52,train
LEAF_TUNG_11590.jpg,Tungro_Virus,4,0.3857,0.5732,0.3801,26.43,test
LEAF_LEAF_11591.jpg,Leaf_Blast,2,0.4501,0.2528,0.48,41.96,val
LEAF_BROW_11592.jpg,Brown_Spot,1,0.6437,0.274,0.235,43.25,train
LEAF_TUNG_11593.jpg,Tungro_Virus,4,0.2747,0.5553,0.3633,28.05,test
LEAF_BACT_11594.jpg,Bacterial_Blight,0,0.4929,0.4781,0.2722,37.1,train
LEAF_LEAF_11595.jpg,Leaf_Blast,2,0.488,0.2823,0.3074,39.1,train
LEAF_BACT_11596.jpg,Bacterial_Blight,0,0.4655,0.4174,0.3044,34.37,train
LEAF_LEAF_11597.jpg,Leaf_Blast,2,0.4246,0.3097,0.4262,48.0,train
LEAF_TUNG_11598.jpg,Tungro_Virus,4,0.3964,0.4537,0.4092,26.76,train
LEAF_LEAF_11599.jpg,Leaf_Blast,2,0.5582,0.329,0.4511,63.29,train
LEAF_LEAF_11600.jpg,Leaf_Blast,2,0.5417,0.28,0.248,56.03,test
LEAF_TUNG_11601.jpg,Tungro_Virus,4,0.4678,0.5713,0.5451,24.05,train
LEAF_BROW_11602.jpg,Brown_Spot,1,0.5582,0.2267,0.3224,34.41,test
LEAF_TUNG_11603.jpg,Tungro_Virus,4,0.2462,0.5366,0.4144,33.86,train
LEAF_TUNG_11604.jpg,Tungro_Virus,4,0.323,0.5646,0.323,32.35,train
LEAF_BROW_11605.jpg,Brown_Spot,1,0.492,0.2582,0.1768,49.24,train
LEAF_TUNG_11606.jpg,Tungro_Virus,4,0.303,0.6642,0.5005,35.17,test
LEAF_BROW_11607.jpg,Brown_Spot,1,0.3949,0.3946,0.2676,43.22,train
LEAF_BACT_11608.jpg,Bacterial_Blight,0,0.6272,0.4339,0.2845,31.81,test
LEAF_BROW_11609.jpg,Brown_Spot,1,0.6037,0.2919,0.2624,44.5,val
LEAF_LEAF_11610.jpg,Leaf_Blast,2,0.5923,0.3448,0.4373,53.65,train
LEAF_BROW_11611.jpg,Brown_Spot,1,0.6002,0.3137,0.2832,47.08,train
LEAF_TUNG_11612.jpg,Tungro_Virus,4,0.3573,0.5636,0.3443,31.46,train
LEAF_LEAF_11613.jpg,Leaf_Blast,2,0.4711,0.2267,0.3204,51.05,test
LEAF_LEAF_11614.jpg,Leaf_Blast,2,0.479,0.3544,0.3678,36.42,train
LEAF_TUNG_11615.jpg,Tungro_Virus,4,0.353,0.5511,0.4724,30.22,test
LEAF_BROW_11616.jpg,Brown_Spot,1,0.5249,0.2578,0.05,38.14,train
LEAF_BACT_11617.jpg,Bacterial_Blight,0,0.5817,0.3729,0.3879,41.24,test
LEAF_LEAF_11618.jpg,Leaf_Blast,2,0.4697,0.29,0.3852,62.13,train
LEAF_TUNG_11619.jpg,Tungro_Virus,4,0.2674,0.6933,0.3093,21.18,train
LEAF_BACT_11620.jpg,Bacterial_Blight,0,0.5097,0.3272,0.4071,29.58,test
LEAF_BACT_11621.jpg,Bacterial_Blight,0,0.5569,0.4293,0.3294,27.5,train
LEAF_BROW_11622.jpg,Brown_Spot,1,0.5037,0.2864,0.2159,44.07,train
LEAF_BROW_11623.jpg,Brown_Spot,1,0.4746,0.2301,0.1558,35.76,train
LEAF_HEAL_11624.jpg,Healthy_Leaf,3,0.8206,0.0357,0.0,9.02,train
LEAF_TUNG_11625.jpg,Tungro_Virus,4,0.4461,0.5513,0.2455,32.57,val
LEAF_HEAL_11626.jpg,Healthy_Leaf,3,0.7271,0.0467,0.0,13.44,train
LEAF_HEAL_11627.jpg,Healthy_Leaf,3,0.7882,0.0355,0.0,8.82,train
LEAF_LEAF_11628.jpg,Leaf_Blast,2,0.4729,0.43,0.1904,63.4,train
LEAF_HEAL_11629.jpg,Healthy_Leaf,3,0.7892,0.0294,0.0,10.07,train
LEAF_BACT_11630.jpg,Bacterial_Blight,0,0.5421,0.4109,0.2306,27.18,test
LEAF_HEAL_11631.jpg,Healthy_Leaf,3,0.7307,0.0162,0.0,13.81,train
LEAF_BROW_11632.jpg,Brown_Spot,1,0.6499,0.2649,0.2581,42.81,train
LEAF_TUNG_11633.jpg,Tungro_Virus,4,0.4415,0.4526,0.5819,32.77,train
LEAF_TUNG_11634.jpg,Tungro_Virus,4,0.3018,0.6216,0.3475,23.33,train
LEAF_HEAL_11635.jpg,Healthy_Leaf,3,0.8205,0.025,0.0,14.8,train
LEAF_BACT_11636.jpg,Bacterial_Blight,0,0.4743,0.292,0.3354,38.47,train
LEAF_TUNG_11637.jpg,Tungro_Virus,4,0.4481,0.6729,0.4539,28.52,train
LEAF_HEAL_11638.jpg,Healthy_Leaf,3,0.8682,0.0573,0.0,10.04,train
LEAF_LEAF_11639.jpg,Leaf_Blast,2,0.5259,0.2719,0.3073,45.41,train
LEAF_HEAL_11640.jpg,Healthy_Leaf,3,0.7954,0.0372,0.0,8.39,test
LEAF_BROW_11641.jpg,Brown_Spot,1,0.6257,0.1718,0.2425,46.43,test
LEAF_HEAL_11642.jpg,Healthy_Leaf,3,0.7294,0.0334,0.0,14.44,train
LEAF_HEAL_11643.jpg,Healthy_Leaf,3,0.8433,0.0316,0.0,9.38,train
LEAF_BROW_11644.jpg,Brown_Spot,1,0.4697,0.2451,0.305,41.84,test
LEAF_BROW_11645.jpg,Brown_Spot,1,0.6398,0.2177,0.3035,43.31,train
LEAF_BACT_11646.jpg,Bacterial_Blight,0,0.3874,0.4083,0.572,43.53,test
LEAF_LEAF_11647.jpg,Leaf_Blast,2,0.3755,0.2465,0.3431,52.61,train
LEAF_BACT_11648.jpg,Bacterial_Blight,0,0.4684,0.4725,0.2165,31.07,test
LEAF_LEAF_11649.jpg,Leaf_Blast,2,0.4941,0.3212,0.324,56.73,test
LEAF_BACT_11650.jpg,Bacterial_Blight,0,0.5462,0.3646,0.2441,33.29,train
LEAF_LEAF_11651.jpg,Leaf_Blast,2,0.5842,0.2681,0.3779,56.91,train
LEAF_TUNG_11652.jpg,Tungro_Virus,4,0.279,0.5432,0.4632,24.59,train
LEAF_BACT_11653.jpg,Bacterial_Blight,0,0.3946,0.3213,0.4167,39.99,val
LEAF_BROW_11654.jpg,Brown_Spot,1,0.4684,0.1525,0.2618,54.88,train
LEAF_LEAF_11655.jpg,Leaf_Blast,2,0.4481,0.2808,0.384,46.07,train
LEAF_BROW_11656.jpg,Brown_Spot,1,0.5355,0.1809,0.2462,40.5,train
LEAF_BACT_11657.jpg,Bacterial_Blight,0,0.2287,0.4276,0.3595,44.76,train
LEAF_BROW_11658.jpg,Brown_Spot,1,0.5292,0.2786,0.1322,47.59,train
LEAF_TUNG_11659.jpg,Tungro_Virus,4,0.2857,0.4316,0.3749,30.06,train
LEAF_BROW_11660.jpg,Brown_Spot,1,0.5398,0.2373,0.1219,35.67,train
LEAF_BROW_11661.jpg,Brown_Spot,1,0.4966,0.2953,0.2036,43.2,test
LEAF_BROW_11662.jpg,Brown_Spot,1,0.6105,0.2711,0.2282,46.38,train
LEAF_HEAL_11663.jpg,Healthy_Leaf,3,0.8561,0.0316,0.0,9.83,val
LEAF_BROW_11664.jpg,Brown_Spot,1,0.4732,0.2868,0.1818,49.85,train
LEAF_HEAL_11665.jpg,Healthy_Leaf,3,0.7735,0.0092,0.0,12.13,train
LEAF_BROW_11666.jpg,Brown_Spot,1,0.561,0.3212,0.1527,50.84,train
LEAF_BACT_11667.jpg,Bacterial_Blight,0,0.4696,0.3785,0.3578,32.88,train
LEAF_HEAL_11668.jpg,Healthy_Leaf,3,0.8218,0.0244,0.0,10.27,train
LEAF_BACT_11669.jpg,Bacterial_Blight,0,0.5746,0.4411,0.3099,43.85,train
LEAF_BACT_11670.jpg,Bacterial_Blight,0,0.4583,0.3919,0.535,33.27,train
LEAF_BACT_11671.jpg,Bacterial_Blight,0,0.4599,0.369,0.2502,40.34,train
LEAF_HEAL_11672.jpg,Healthy_Leaf,3,0.7693,0.0772,0.0,13.05,train
LEAF_TUNG_11673.jpg,Tungro_Virus,4,0.3963,0.5892,0.3719,26.95,train
LEAF_BACT_11674.jpg,Bacterial_Blight,0,0.3691,0.3733,0.3338,38.23,train
LEAF_HEAL_11675.jpg,Healthy_Leaf,3,0.6853,0.1109,0.0,11.12,train
LEAF_BROW_11676.jpg,Brown_Spot,1,0.5878,0.2103,0.0506,43.3,test
LEAF_BACT_11677.jpg,Bacterial_Blight,0,0.476,0.3638,0.3255,38.85,train
LEAF_BROW_11678.jpg,Brown_Spot,1,0.5175,0.2797,0.203,42.82,train
LEAF_LEAF_11679.jpg,Leaf_Blast,2,0.491,0.3875,0.243,44.78,test
LEAF_BACT_11680.jpg,Bacterial_Blight,0,0.5335,0.4851,0.2738,40.06,val
LEAF_BROW_11681.jpg,Brown_Spot,1,0.4365,0.2683,0.2898,51.52,train
LEAF_BACT_11682.jpg,Bacterial_Blight,0,0.3128,0.2782,0.2357,45.13,train
LEAF_TUNG_11683.jpg,Tungro_Virus,4,0.2875,0.5256,0.2836,28.93,train
LEAF_BACT_11684.jpg,Bacterial_Blight,0,0.5964,0.2888,0.2662,39.7,train
LEAF_LEAF_11685.jpg,Leaf_Blast,2,0.5095,0.268,0.2629,49.84,train
LEAF_TUNG_11686.jpg,Tungro_Virus,4,0.3133,0.6934,0.38,22.33,train
LEAF_HEAL_11687.jpg,Healthy_Leaf,3,0.8528,0.0488,0.0,14.17,train
LEAF_BACT_11688.jpg,Bacterial_Blight,0,0.4895,0.3363,0.2847,39.45,val
LEAF_LEAF_11689.jpg,Leaf_Blast,2,0.4279,0.2325,0.5819,53.22,val
LEAF_HEAL_11690.jpg,Healthy_Leaf,3,0.7893,0.0354,0.0,6.89,train
LEAF_LEAF_11691.jpg,Leaf_Blast,2,0.3649,0.305,0.4095,57.83,train
LEAF_LEAF_11692.jpg,Leaf_Blast,2,0.4979,0.3767,0.3677,51.06,val
LEAF_BROW_11693.jpg,Brown_Spot,1,0.528,0.2786,0.1971,52.94,train
LEAF_BACT_11694.jpg,Bacterial_Blight,0,0.4566,0.3233,0.3191,33.88,train
LEAF_BACT_11695.jpg,Bacterial_Blight,0,0.5549,0.4364,0.263,40.06,test
LEAF_HEAL_11696.jpg,Healthy_Leaf,3,0.7313,0.0392,0.0,12.57,train
LEAF_TUNG_11697.jpg,Tungro_Virus,4,0.3734,0.6897,0.3574,35.07,train
LEAF_HEAL_11698.jpg,Healthy_Leaf,3,0.7648,0.0799,0.0,11.92,train
LEAF_TUNG_11699.jpg,Tungro_Virus,4,0.3624,0.5858,0.594,26.71,train
LEAF_BROW_11700.jpg,Brown_Spot,1,0.4908,0.226,0.292,41.39,train
LEAF_BACT_11701.jpg,Bacterial_Blight,0,0.5735,0.4284,0.3017,34.33,test
LEAF_BACT_11702.jpg,Bacterial_Blight,0,0.4278,0.3401,0.4052,38.8,train
LEAF_BACT_11703.jpg,Bacterial_Blight,0,0.3908,0.2517,0.3043,41.62,test
LEAF_HEAL_11704.jpg,Healthy_Leaf,3,0.7731,0.0331,0.0,13.96,train
LEAF_LEAF_11705.jpg,Leaf_Blast,2,0.4224,0.4631,0.3654,51.76,val
LEAF_BROW_11706.jpg,Brown_Spot,1,0.4543,0.2963,0.2034,40.5,train
LEAF_BACT_11707.jpg,Bacterial_Blight,0,0.4402,0.4468,0.2606,38.7,train
LEAF_TUNG_11708.jpg,Tungro_Virus,4,0.3522,0.5904,0.5272,26.27,test
LEAF_LEAF_11709.jpg,Leaf_Blast,2,0.4998,0.3457,0.4371,38.8,val
LEAF_HEAL_11710.jpg,Healthy_Leaf,3,0.7594,0.029,0.0,11.1,train
LEAF_LEAF_11711.jpg,Leaf_Blast,2,0.3674,0.2611,0.308,52.11,train
LEAF_TUNG_11712.jpg,Tungro_Virus,4,0.2239,0.5244,0.4443,24.42,train
LEAF_BROW_11713.jpg,Brown_Spot,1,0.6038,0.3234,0.2429,44.18,train
LEAF_LEAF_11714.jpg,Leaf_Blast,2,0.4697,0.2315,0.349,45.42,train
LEAF_TUNG_11715.jpg,Tungro_Virus,4,0.2952,0.6647,0.4794,29.41,train
LEAF_BACT_11716.jpg,Bacterial_Blight,0,0.423,0.3364,0.3067,32.67,train
LEAF_BACT_11717.jpg,Bacterial_Blight,0,0.5474,0.3788,0.4099,46.79,train
LEAF_BACT_11718.jpg,Bacterial_Blight,0,0.6262,0.3462,0.3496,39.55,train
LEAF_BROW_11719.jpg,Brown_Spot,1,0.4792,0.1173,0.1421,50.2,train
LEAF_HEAL_11720.jpg,Healthy_Leaf,3,0.8532,0.0198,0.0,10.14,train
LEAF_BROW_11721.jpg,Brown_Spot,1,0.5261,0.1996,0.2459,48.91,train
LEAF_BROW_11722.jpg,Brown_Spot,1,0.6167,0.2518,0.3365,45.55,train
LEAF_LEAF_11723.jpg,Leaf_Blast,2,0.4161,0.1909,0.2291,57.19,train
LEAF_BACT_11724.jpg,Bacterial_Blight,0,0.4574,0.3546,0.2608,36.07,train
LEAF_TUNG_11725.jpg,Tungro_Virus,4,0.2492,0.6624,0.6225,29.98,val
LEAF_HEAL_11726.jpg,Healthy_Leaf,3,0.6972,0.0773,0.0,14.7,train
LEAF_TUNG_11727.jpg,Tungro_Virus,4,0.3493,0.57,0.3163,26.67,train
LEAF_BACT_11728.jpg,Bacterial_Blight,0,0.5159,0.309,0.2892,31.24,test
LEAF_TUNG_11729.jpg,Tungro_Virus,4,0.2325,0.6072,0.392,26.06,train
LEAF_LEAF_11730.jpg,Leaf_Blast,2,0.3993,0.35,0.2802,55.53,train
LEAF_BROW_11731.jpg,Brown_Spot,1,0.5041,0.2786,0.2513,39.17,test
LEAF_BACT_11732.jpg,Bacterial_Blight,0,0.3784,0.3765,0.2741,41.06,test
LEAF_LEAF_11733.jpg,Leaf_Blast,2,0.5043,0.3135,0.2715,50.61,train
LEAF_BACT_11734.jpg,Bacterial_Blight,0,0.4909,0.4357,0.338,35.14,test
LEAF_BROW_11735.jpg,Brown_Spot,1,0.5876,0.269,0.3127,45.52,train
LEAF_HEAL_11736.jpg,Healthy_Leaf,3,0.7281,0.0459,0.0,12.87,train
LEAF_HEAL_11737.jpg,Healthy_Leaf,3,0.7823,0.0366,0.0,9.2,train
LEAF_HEAL_11738.jpg,Healthy_Leaf,3,0.7299,0.0782,0.0,10.42,test
LEAF_LEAF_11739.jpg,Leaf_Blast,2,0.4047,0.266,0.3236,48.88,train
LEAF_LEAF_11740.jpg,Leaf_Blast,2,0.5814,0.2328,0.1595,51.93,train
LEAF_BACT_11741.jpg,Bacterial_Blight,0,0.505,0.4187,0.4549,34.55,val
LEAF_HEAL_11742.jpg,Healthy_Leaf,3,0.648,0.0233,0.0,9.93,test
LEAF_TUNG_11743.jpg,Tungro_Virus,4,0.3469,0.607,0.4858,26.78,test
LEAF_BROW_11744.jpg,Brown_Spot,1,0.5057,0.2486,0.1959,49.66,train
LEAF_BACT_11745.jpg,Bacterial_Blight,0,0.3944,0.3579,0.2313,40.66,train
LEAF_BACT_11746.jpg,Bacterial_Blight,0,0.4342,0.3264,0.3173,36.2,test
LEAF_TUNG_11747.jpg,Tungro_Virus,4,0.2892,0.5395,0.5496,29.48,val
LEAF_TUNG_11748.jpg,Tungro_Virus,4,0.2174,0.6506,0.5017,29.83,test
LEAF_LEAF_11749.jpg,Leaf_Blast,2,0.521,0.2675,0.4263,53.53,train
LEAF_TUNG_11750.jpg,Tungro_Virus,4,0.2374,0.5586,0.4057,26.52,train
LEAF_BROW_11751.jpg,Brown_Spot,1,0.5361,0.1968,0.2429,44.03,test
LEAF_LEAF_11752.jpg,Leaf_Blast,2,0.5391,0.2515,0.3108,52.07,train
LEAF_BROW_11753.jpg,Brown_Spot,1,0.5097,0.1707,0.2579,48.12,test
LEAF_BACT_11754.jpg,Bacterial_Blight,0,0.4309,0.4027,0.3067,43.53,train
LEAF_BROW_11755.jpg,Brown_Spot,1,0.4281,0.2581,0.3122,44.26,test
LEAF_BROW_11756.jpg,Brown_Spot,1,0.572,0.2876,0.2,42.57,train
LEAF_BACT_11757.jpg,Bacterial_Blight,0,0.519,0.3587,0.3494,37.19,train
LEAF_TUNG_11758.jpg,Tungro_Virus,4,0.2784,0.5757,0.492,21.32,train
LEAF_LEAF_11759.jpg,Leaf_Blast,2,0.6172,0.3838,0.2824,59.31,train
LEAF_BROW_11760.jpg,Brown_Spot,1,0.5285,0.2594,0.2891,48.13,train
LEAF_HEAL_11761.jpg,Healthy_Leaf,3,0.718,0.0744,0.0,11.79,train
LEAF_BROW_11762.jpg,Brown_Spot,1,0.4851,0.2119,0.2906,37.01,val
LEAF_HEAL_11763.jpg,Healthy_Leaf,3,0.8489,0.0409,0.0,10.45,train
LEAF_TUNG_11764.jpg,Tungro_Virus,4,0.3097,0.6093,0.5865,30.33,train
LEAF_BROW_11765.jpg,Brown_Spot,1,0.5339,0.2298,0.1014,38.34,test
LEAF_BROW_11766.jpg,Brown_Spot,1,0.5012,0.2397,0.2349,42.49,val
LEAF_LEAF_11767.jpg,Leaf_Blast,2,0.4534,0.264,0.363,58.08,train
LEAF_LEAF_11768.jpg,Leaf_Blast,2,0.3348,0.1802,0.3834,48.05,val
LEAF_LEAF_11769.jpg,Leaf_Blast,2,0.4182,0.2674,0.3093,54.61,train
LEAF_BROW_11770.jpg,Brown_Spot,1,0.56,0.2178,0.2779,47.71,train
LEAF_BROW_11771.jpg,Brown_Spot,1,0.5624,0.2489,0.219,39.25,val
LEAF_TUNG_11772.jpg,Tungro_Virus,4,0.3751,0.5759,0.3691,30.34,val
LEAF_BROW_11773.jpg,Brown_Spot,1,0.5628,0.3622,0.1546,43.9,test
LEAF_HEAL_11774.jpg,Healthy_Leaf,3,0.7969,0.0856,0.0,11.03,train
LEAF_BROW_11775.jpg,Brown_Spot,1,0.6055,0.2146,0.169,46.39,test
LEAF_LEAF_11776.jpg,Leaf_Blast,2,0.4574,0.3174,0.3405,42.87,train
LEAF_BACT_11777.jpg,Bacterial_Blight,0,0.4445,0.2861,0.2292,37.8,train
LEAF_LEAF_11778.jpg,Leaf_Blast,2,0.4353,0.2498,0.3165,44.68,train
LEAF_LEAF_11779.jpg,Leaf_Blast,2,0.3946,0.2166,0.4406,54.23,val
LEAF_LEAF_11780.jpg,Leaf_Blast,2,0.3407,0.2024,0.3354,52.44,train
LEAF_LEAF_11781.jpg,Leaf_Blast,2,0.4252,0.2614,0.3612,58.8,train
LEAF_BACT_11782.jpg,Bacterial_Blight,0,0.5599,0.4433,0.3374,50.09,train
LEAF_LEAF_11783.jpg,Leaf_Blast,2,0.3146,0.3557,0.4729,50.43,train
LEAF_BROW_11784.jpg,Brown_Spot,1,0.4382,0.3068,0.1971,46.81,val
LEAF_BACT_11785.jpg,Bacterial_Blight,0,0.3339,0.4401,0.367,31.28,train
LEAF_TUNG_11786.jpg,Tungro_Virus,4,0.293,0.3478,0.384,29.21,train
LEAF_BACT_11787.jpg,Bacterial_Blight,0,0.5997,0.3753,0.1523,37.08,train
LEAF_LEAF_11788.jpg,Leaf_Blast,2,0.5088,0.1976,0.3376,41.68,test
LEAF_HEAL_11789.jpg,Healthy_Leaf,3,0.7652,0.0542,0.0,12.18,test
LEAF_HEAL_11790.jpg,Healthy_Leaf,3,0.769,0.0539,0.0,13.9,train
LEAF_HEAL_11791.jpg,Healthy_Leaf,3,0.697,0.0572,0.0,15.2,val
LEAF_TUNG_11792.jpg,Tungro_Virus,4,0.4677,0.6961,0.401,28.75,train
LEAF_BACT_11793.jpg,Bacterial_Blight,0,0.4583,0.4571,0.1929,32.99,train
LEAF_HEAL_11794.jpg,Healthy_Leaf,3,0.841,0.073,0.0,14.45,train
LEAF_LEAF_11795.jpg,Leaf_Blast,2,0.3166,0.2539,0.4184,57.34,train
LEAF_BACT_11796.jpg,Bacterial_Blight,0,0.4774,0.3669,0.3331,37.85,train
LEAF_BROW_11797.jpg,Brown_Spot,1,0.5184,0.2995,0.1701,46.22,train
LEAF_TUNG_11798.jpg,Tungro_Virus,4,0.2147,0.6608,0.5247,28.92,train
LEAF_LEAF_11799.jpg,Leaf_Blast,2,0.512,0.404,0.2498,61.42,train
LEAF_HEAL_11800.jpg,Healthy_Leaf,3,0.7603,0.0121,0.0,12.37,test
LEAF_BACT_11801.jpg,Bacterial_Blight,0,0.5159,0.3008,0.3509,41.2,train
LEAF_TUNG_11802.jpg,Tungro_Virus,4,0.3592,0.6164,0.3272,27.51,train
LEAF_BACT_11803.jpg,Bacterial_Blight,0,0.5082,0.4677,0.3202,40.13,train
LEAF_BROW_11804.jpg,Brown_Spot,1,0.4548,0.229,0.3437,42.59,val
LEAF_BACT_11805.jpg,Bacterial_Blight,0,0.5092,0.4134,0.2327,35.82,train
LEAF_LEAF_11806.jpg,Leaf_Blast,2,0.5,0.3416,0.3004,48.33,train
LEAF_HEAL_11807.jpg,Healthy_Leaf,3,0.8002,0.0636,0.0,9.62,train
LEAF_LEAF_11808.jpg,Leaf_Blast,2,0.4726,0.2793,0.2293,45.79,val
LEAF_BACT_11809.jpg,Bacterial_Blight,0,0.3485,0.3016,0.3584,36.74,val
LEAF_BACT_11810.jpg,Bacterial_Blight,0,0.4985,0.4889,0.2963,41.17,train
LEAF_LEAF_11811.jpg,Leaf_Blast,2,0.2086,0.2498,0.4089,46.73,train
LEAF_TUNG_11812.jpg,Tungro_Virus,4,0.3719,0.4894,0.4673,29.86,test
LEAF_HEAL_11813.jpg,Healthy_Leaf,3,0.8401,0.0064,0.0,12.75,train
LEAF_HEAL_11814.jpg,Healthy_Leaf,3,0.7195,-0.0094,0.0,14.06,train
LEAF_TUNG_11815.jpg,Tungro_Virus,4,0.3039,0.6085,0.5927,29.49,train
LEAF_TUNG_11816.jpg,Tungro_Virus,4,0.2512,0.5628,0.6474,26.5,val
LEAF_LEAF_11817.jpg,Leaf_Blast,2,0.3267,0.3434,0.207,54.79,test
LEAF_LEAF_11818.jpg,Leaf_Blast,2,0.369,0.2625,0.4098,48.43,train
LEAF_TUNG_11819.jpg,Tungro_Virus,4,0.2933,0.5548,0.4504,27.12,test
LEAF_HEAL_11820.jpg,Healthy_Leaf,3,0.8165,0.0326,0.0,11.35,train
LEAF_BROW_11821.jpg,Brown_Spot,1,0.5837,0.1257,0.1576,39.97,val
LEAF_TUNG_11822.jpg,Tungro_Virus,4,0.2876,0.5222,0.5483,24.9,train
LEAF_LEAF_11823.jpg,Leaf_Blast,2,0.3939,0.4095,0.4222,43.82,train
LEAF_HEAL_11824.jpg,Healthy_Leaf,3,0.8307,0.0167,0.0,11.28,train
LEAF_BROW_11825.jpg,Brown_Spot,1,0.492,0.2752,0.2249,44.11,train
LEAF_BROW_11826.jpg,Brown_Spot,1,0.5614,0.2785,0.183,38.39,train
LEAF_BACT_11827.jpg,Bacterial_Blight,0,0.6045,0.3948,0.3518,40.2,train
LEAF_BACT_11828.jpg,Bacterial_Blight,0,0.3838,0.47,0.2877,42.11,test
LEAF_BACT_11829.jpg,Bacterial_Blight,0,0.5967,0.3849,0.2255,25.53,test
LEAF_BROW_11830.jpg,Brown_Spot,1,0.4793,0.2568,0.2458,50.96,train
LEAF_BACT_11831.jpg,Bacterial_Blight,0,0.4657,0.382,0.2789,35.41,train
LEAF_BACT_11832.jpg,Bacterial_Blight,0,0.4122,0.3529,0.4647,42.48,val
LEAF_BROW_11833.jpg,Brown_Spot,1,0.5639,0.2448,0.1775,40.07,train
LEAF_LEAF_11834.jpg,Leaf_Blast,2,0.5378,0.3967,0.3461,59.97,train
LEAF_BROW_11835.jpg,Brown_Spot,1,0.597,0.329,0.3378,47.0,train
LEAF_TUNG_11836.jpg,Tungro_Virus,4,0.4042,0.6147,0.5305,23.46,test
LEAF_BROW_11837.jpg,Brown_Spot,1,0.5707,0.2949,0.2272,41.09,train
LEAF_TUNG_11838.jpg,Tungro_Virus,4,0.3165,0.5838,0.4742,24.13,train
LEAF_BACT_11839.jpg,Bacterial_Blight,0,0.3006,0.43,0.3331,39.33,val
LEAF_BACT_11840.jpg,Bacterial_Blight,0,0.4134,0.3395,0.3703,39.79,train
LEAF_BROW_11841.jpg,Brown_Spot,1,0.4669,0.2434,0.3248,32.64,train
LEAF_BROW_11842.jpg,Brown_Spot,1,0.3465,0.1478,0.2905,42.55,train
LEAF_LEAF_11843.jpg,Leaf_Blast,2,0.4245,0.3378,0.3924,50.22,train
LEAF_BACT_11844.jpg,Bacterial_Blight,0,0.5902,0.4258,0.2694,33.04,train
LEAF_BROW_11845.jpg,Brown_Spot,1,0.5303,0.2907,0.2157,55.32,train
LEAF_BACT_11846.jpg,Bacterial_Blight,0,0.622,0.3985,0.3762,33.5,val
LEAF_BROW_11847.jpg,Brown_Spot,1,0.4795,0.3244,0.2868,49.51,test
LEAF_BROW_11848.jpg,Brown_Spot,1,0.4379,0.2344,0.2587,39.09,test
LEAF_BROW_11849.jpg,Brown_Spot,1,0.4802,0.2077,0.112,42.68,train
LEAF_HEAL_11850.jpg,Healthy_Leaf,3,0.7809,0.0355,0.0,11.17,train
LEAF_HEAL_11851.jpg,Healthy_Leaf,3,0.8219,0.0261,0.0,16.48,train
LEAF_HEAL_11852.jpg,Healthy_Leaf,3,0.7412,0.0624,0.0,12.85,train
LEAF_BROW_11853.jpg,Brown_Spot,1,0.4604,0.2088,0.2809,49.69,train
LEAF_HEAL_11854.jpg,Healthy_Leaf,3,0.8219,0.0279,0.0,15.42,train
LEAF_LEAF_11855.jpg,Leaf_Blast,2,0.4674,0.3458,0.3972,45.43,train
LEAF_LEAF_11856.jpg,Leaf_Blast,2,0.4589,0.4216,0.4032,57.85,train
LEAF_BACT_11857.jpg,Bacterial_Blight,0,0.4771,0.3122,0.3892,33.9,val
LEAF_BACT_11858.jpg,Bacterial_Blight,0,0.4685,0.3902,0.3036,45.07,train
LEAF_BACT_11859.jpg,Bacterial_Blight,0,0.5185,0.3207,0.2374,38.69,train
LEAF_BACT_11860.jpg,Bacterial_Blight,0,0.5494,0.4399,0.3273,34.64,train
LEAF_TUNG_11861.jpg,Tungro_Virus,4,0.3365,0.6253,0.4762,32.94,train
LEAF_BACT_11862.jpg,Bacterial_Blight,0,0.5676,0.2916,0.2768,34.34,train
LEAF_BROW_11863.jpg,Brown_Spot,1,0.5722,0.2578,0.268,52.15,train
LEAF_LEAF_11864.jpg,Leaf_Blast,2,0.4224,0.2851,0.2863,55.82,train
LEAF_BACT_11865.jpg,Bacterial_Blight,0,0.4636,0.3663,0.3327,35.75,val
LEAF_BROW_11866.jpg,Brown_Spot,1,0.4995,0.2692,0.1666,42.33,train
LEAF_BROW_11867.jpg,Brown_Spot,1,0.6163,0.2798,0.3491,49.62,test
LEAF_BROW_11868.jpg,Brown_Spot,1,0.6153,0.206,0.1496,47.44,train
LEAF_LEAF_11869.jpg,Leaf_Blast,2,0.3506,0.2782,0.3543,52.55,train
LEAF_HEAL_11870.jpg,Healthy_Leaf,3,0.7939,0.0075,0.0,12.44,train
LEAF_BROW_11871.jpg,Brown_Spot,1,0.5434,0.2745,0.1872,44.38,test
LEAF_HEAL_11872.jpg,Healthy_Leaf,3,0.807,0.0807,0.0,12.06,train
LEAF_LEAF_11873.jpg,Leaf_Blast,2,0.4619,0.2766,0.3021,56.61,train
LEAF_LEAF_11874.jpg,Leaf_Blast,2,0.3229,0.3505,0.2026,57.24,train
LEAF_BACT_11875.jpg,Bacterial_Blight,0,0.49,0.3698,0.3135,40.57,train
LEAF_BACT_11876.jpg,Bacterial_Blight,0,0.3888,0.3898,0.3717,38.83,train
LEAF_HEAL_11877.jpg,Healthy_Leaf,3,0.7769,0.0352,0.0,11.89,train
LEAF_BROW_11878.jpg,Brown_Spot,1,0.464,0.1653,0.178,48.76,train
LEAF_BACT_11879.jpg,Bacterial_Blight,0,0.4987,0.4215,0.2841,30.91,train
LEAF_BROW_11880.jpg,Brown_Spot,1,0.678,0.2586,0.2149,35.75,train
LEAF_TUNG_11881.jpg,Tungro_Virus,4,0.3256,0.4152,0.4842,30.41,train
LEAF_LEAF_11882.jpg,Leaf_Blast,2,0.4031,0.2539,0.249,52.18,train
LEAF_LEAF_11883.jpg,Leaf_Blast,2,0.496,0.2537,0.4538,54.29,train
LEAF_HEAL_11884.jpg,Healthy_Leaf,3,0.7182,0.0341,0.0,14.26,train
LEAF_TUNG_11885.jpg,Tungro_Virus,4,0.44,0.4956,0.5055,35.94,train
LEAF_HEAL_11886.jpg,Healthy_Leaf,3,0.7919,0.0674,0.0,10.47,train
LEAF_BROW_11887.jpg,Brown_Spot,1,0.5179,0.2621,0.214,48.86,train
LEAF_BACT_11888.jpg,Bacterial_Blight,0,0.5713,0.3768,0.3363,37.92,test
LEAF_TUNG_11889.jpg,Tungro_Virus,4,0.2612,0.6964,0.6381,30.19,test
LEAF_LEAF_11890.jpg,Leaf_Blast,2,0.4978,0.129,0.3497,47.99,train
LEAF_TUNG_11891.jpg,Tungro_Virus,4,0.3287,0.5512,0.3097,27.56,train
LEAF_BROW_11892.jpg,Brown_Spot,1,0.5671,0.3637,0.2401,43.67,val
LEAF_LEAF_11893.jpg,Leaf_Blast,2,0.5613,0.3872,0.2353,55.22,train
LEAF_BACT_11894.jpg,Bacterial_Blight,0,0.618,0.3201,0.2411,33.91,train
LEAF_LEAF_11895.jpg,Leaf_Blast,2,0.5212,0.3239,0.3273,51.21,val
LEAF_LEAF_11896.jpg,Leaf_Blast,2,0.383,0.2551,0.1986,49.88,test
LEAF_BACT_11897.jpg,Bacterial_Blight,0,0.5405,0.3547,0.2002,41.82,train
LEAF_LEAF_11898.jpg,Leaf_Blast,2,0.5632,0.2778,0.3636,46.33,train
LEAF_BACT_11899.jpg,Bacterial_Blight,0,0.5267,0.3663,0.3693,37.93,train
LEAF_TUNG_11900.jpg,Tungro_Virus,4,0.3082,0.5158,0.4535,26.96,test
LEAF_HEAL_11901.jpg,Healthy_Leaf,3,0.7365,0.0332,0.0,14.36,train
LEAF_TUNG_11902.jpg,Tungro_Virus,4,0.3358,0.4773,0.5837,31.07,train
LEAF_TUNG_11903.jpg,Tungro_Virus,4,0.3801,0.612,0.2162,32.37,test
LEAF_LEAF_11904.jpg,Leaf_Blast,2,0.4932,0.4355,0.3008,48.36,train
LEAF_BROW_11905.jpg,Brown_Spot,1,0.4464,0.1574,0.2456,56.93,train
LEAF_LEAF_11906.jpg,Leaf_Blast,2,0.4282,0.3863,0.3889,52.94,val
LEAF_BROW_11907.jpg,Brown_Spot,1,0.4449,0.274,0.2407,45.26,train
LEAF_TUNG_11908.jpg,Tungro_Virus,4,0.2879,0.5874,0.2908,30.45,train
LEAF_HEAL_11909.jpg,Healthy_Leaf,3,0.8234,0.0269,0.0,10.71,test
LEAF_BROW_11910.jpg,Brown_Spot,1,0.4766,0.3308,0.3093,49.99,train
LEAF_BROW_11911.jpg,Brown_Spot,1,0.5285,0.2376,0.2369,48.76,train
LEAF_HEAL_11912.jpg,Healthy_Leaf,3,0.7831,0.0598,0.0,13.39,test
LEAF_BROW_11913.jpg,Brown_Spot,1,0.5156,0.1858,0.16,49.44,train
LEAF_BROW_11914.jpg,Brown_Spot,1,0.4318,0.2298,0.157,42.25,train
LEAF_TUNG_11915.jpg,Tungro_Virus,4,0.3107,0.5475,0.3072,27.26,train
LEAF_BACT_11916.jpg,Bacterial_Blight,0,0.5392,0.4373,0.2151,45.84,test
LEAF_TUNG_11917.jpg,Tungro_Virus,4,0.2894,0.5319,0.3608,28.22,train
LEAF_LEAF_11918.jpg,Leaf_Blast,2,0.2854,0.3188,0.4012,52.37,train
LEAF_HEAL_11919.jpg,Healthy_Leaf,3,0.7328,0.0425,0.0,16.02,train
LEAF_HEAL_11920.jpg,Healthy_Leaf,3,0.808,0.0484,0.0,10.14,train
LEAF_HEAL_11921.jpg,Healthy_Leaf,3,0.7402,0.0105,0.0,12.67,train
LEAF_HEAL_11922.jpg,Healthy_Leaf,3,0.7822,0.0242,0.0,14.25,train
LEAF_BACT_11923.jpg,Bacterial_Blight,0,0.3805,0.3369,0.3295,32.34,train
LEAF_LEAF_11924.jpg,Leaf_Blast,2,0.4264,0.2544,0.3383,48.1,train
LEAF_LEAF_11925.jpg,Leaf_Blast,2,0.4755,0.4338,0.1698,43.82,val
LEAF_BACT_11926.jpg,Bacterial_Blight,0,0.5512,0.4286,0.1847,34.63,train
LEAF_BACT_11927.jpg,Bacterial_Blight,0,0.4815,0.2978,0.2848,40.9,test
LEAF_TUNG_11928.jpg,Tungro_Virus,4,0.2823,0.564,0.6197,35.96,val
LEAF_TUNG_11929.jpg,Tungro_Virus,4,0.1903,0.5891,0.7417,29.92,val
LEAF_LEAF_11930.jpg,Leaf_Blast,2,0.4674,0.3496,0.3311,53.42,test
LEAF_HEAL_11931.jpg,Healthy_Leaf,3,0.7584,0.0308,0.0,8.65,train
LEAF_HEAL_11932.jpg,Healthy_Leaf,3,0.7606,0.0201,0.0,8.69,test
LEAF_HEAL_11933.jpg,Healthy_Leaf,3,0.7729,0.0585,0.0,11.54,val
LEAF_BACT_11934.jpg,Bacterial_Blight,0,0.3644,0.4545,0.2995,43.27,train
LEAF_BROW_11935.jpg,Brown_Spot,1,0.5861,0.2648,0.1476,55.56,train
LEAF_BROW_11936.jpg,Brown_Spot,1,0.5112,0.2024,0.1791,42.33,train
LEAF_BACT_11937.jpg,Bacterial_Blight,0,0.4594,0.4152,0.2603,43.91,val
LEAF_LEAF_11938.jpg,Leaf_Blast,2,0.352,0.2876,0.3674,45.22,train
LEAF_HEAL_11939.jpg,Healthy_Leaf,3,0.7544,0.0484,0.0,8.62,train
LEAF_BROW_11940.jpg,Brown_Spot,1,0.5488,0.2768,0.2302,41.32,train
LEAF_LEAF_11941.jpg,Leaf_Blast,2,0.3216,0.2485,0.3673,41.01,train
LEAF_LEAF_11942.jpg,Leaf_Blast,2,0.3812,0.391,0.3534,45.67,train
LEAF_LEAF_11943.jpg,Leaf_Blast,2,0.4806,0.3775,0.4096,67.1,test
LEAF_TUNG_11944.jpg,Tungro_Virus,4,0.2037,0.5902,0.3156,27.31,train
LEAF_LEAF_11945.jpg,Leaf_Blast,2,0.4452,0.2945,0.4405,51.63,train
LEAF_HEAL_11946.jpg,Healthy_Leaf,3,0.8214,0.0026,0.0,16.47,train
LEAF_LEAF_11947.jpg,Leaf_Blast,2,0.3975,0.2283,0.2418,52.72,test
LEAF_BROW_11948.jpg,Brown_Spot,1,0.3821,0.2816,0.2459,39.63,train
LEAF_HEAL_11949.jpg,Healthy_Leaf,3,0.7007,0.0383,0.0,12.1,train
LEAF_LEAF_11950.jpg,Leaf_Blast,2,0.567,0.1367,0.3222,42.57,train
LEAF_TUNG_11951.jpg,Tungro_Virus,4,0.3564,0.5485,0.3461,24.53,train
LEAF_BROW_11952.jpg,Brown_Spot,1,0.4168,0.1982,0.1545,47.36,val
LEAF_HEAL_11953.jpg,Healthy_Leaf,3,0.8387,0.0384,0.0,10.94,train
LEAF_TUNG_11954.jpg,Tungro_Virus,4,0.4527,0.5866,0.479,27.19,train
LEAF_HEAL_11955.jpg,Healthy_Leaf,3,0.7864,0.0073,0.0,8.35,train
LEAF_LEAF_11956.jpg,Leaf_Blast,2,0.4872,0.2192,0.2476,46.97,test
LEAF_BACT_11957.jpg,Bacterial_Blight,0,0.4955,0.3027,0.2706,37.87,train
LEAF_TUNG_11958.jpg,Tungro_Virus,4,0.2474,0.6943,0.2777,27.13,train
LEAF_LEAF_11959.jpg,Leaf_Blast,2,0.4412,0.3093,0.2774,51.46,test
LEAF_TUNG_11960.jpg,Tungro_Virus,4,0.3537,0.5426,0.5264,29.57,val
LEAF_BROW_11961.jpg,Brown_Spot,1,0.4681,0.2928,0.1766,43.1,test
LEAF_BROW_11962.jpg,Brown_Spot,1,0.3511,0.2729,0.2139,46.71,val
LEAF_TUNG_11963.jpg,Tungro_Virus,4,0.1996,0.4951,0.4833,28.8,val
LEAF_BROW_11964.jpg,Brown_Spot,1,0.5021,0.2943,0.2926,46.67,train
LEAF_HEAL_11965.jpg,Healthy_Leaf,3,0.8246,0.0444,0.0,11.91,val
LEAF_BACT_11966.jpg,Bacterial_Blight,0,0.3825,0.3509,0.2312,41.81,train
LEAF_LEAF_11967.jpg,Leaf_Blast,2,0.5476,0.2678,0.4037,43.73,train
LEAF_BROW_11968.jpg,Brown_Spot,1,0.5062,0.2322,0.0967,40.89,test
LEAF_HEAL_11969.jpg,Healthy_Leaf,3,0.8697,0.0425,0.0,12.14,test
LEAF_LEAF_11970.jpg,Leaf_Blast,2,0.3623,0.3534,0.451,50.62,train
LEAF_BROW_11971.jpg,Brown_Spot,1,0.6431,0.2274,0.2592,43.86,train
LEAF_BROW_11972.jpg,Brown_Spot,1,0.4521,0.287,0.1604,47.78,train
LEAF_BACT_11973.jpg,Bacterial_Blight,0,0.4872,0.4252,0.2712,43.4,train
LEAF_LEAF_11974.jpg,Leaf_Blast,2,0.3209,0.47,0.3386,53.56,train
LEAF_BROW_11975.jpg,Brown_Spot,1,0.483,0.2317,0.231,51.73,test
LEAF_HEAL_11976.jpg,Healthy_Leaf,3,0.7992,0.0049,0.0,9.17,train
LEAF_LEAF_11977.jpg,Leaf_Blast,2,0.3302,0.2517,0.2269,55.41,train
LEAF_LEAF_11978.jpg,Leaf_Blast,2,0.485,0.2834,0.3796,57.68,train
LEAF_TUNG_11979.jpg,Tungro_Virus,4,0.4252,0.5572,0.3757,33.42,train
LEAF_HEAL_11980.jpg,Healthy_Leaf,3,0.7883,0.0152,0.0,11.7,val
LEAF_BACT_11981.jpg,Bacterial_Blight,0,0.421,0.3815,0.4142,29.64,train
LEAF_BROW_11982.jpg,Brown_Spot,1,0.4175,0.231,0.2565,44.64,test
LEAF_BACT_11983.jpg,Bacterial_Blight,0,0.6815,0.4868,0.2645,43.25,train
LEAF_TUNG_11984.jpg,Tungro_Virus,4,0.2655,0.6161,0.4194,26.48,val
LEAF_BROW_11985.jpg,Brown_Spot,1,0.4663,0.2119,0.2667,44.13,test
LEAF_LEAF_11986.jpg,Leaf_Blast,2,0.5551,0.1511,0.3384,42.13,train
LEAF_BACT_11987.jpg,Bacterial_Blight,0,0.4516,0.3185,0.2339,41.64,train
LEAF_LEAF_11988.jpg,Leaf_Blast,2,0.4238,0.3512,0.3471,44.2,val
LEAF_BACT_11989.jpg,Bacterial_Blight,0,0.4554,0.3771,0.3185,35.38,train
LEAF_HEAL_11990.jpg,Healthy_Leaf,3,0.7297,0.0846,0.0,12.34,train
LEAF_TUNG_11991.jpg,Tungro_Virus,4,0.164,0.6804,0.5752,29.83,train
LEAF_LEAF_11992.jpg,Leaf_Blast,2,0.5005,0.3093,0.5273,67.27,train
LEAF_LEAF_11993.jpg,Leaf_Blast,2,0.4207,0.4047,0.4193,54.14,train
LEAF_BROW_11994.jpg,Brown_Spot,1,0.6747,0.353,0.3018,44.57,train
LEAF_BACT_11995.jpg,Bacterial_Blight,0,0.4996,0.4172,0.2059,36.51,test
LEAF_BROW_11996.jpg,Brown_Spot,1,0.6561,0.2783,0.2015,44.07,train
LEAF_BACT_11997.jpg,Bacterial_Blight,0,0.4933,0.2569,0.3958,37.41,train
LEAF_TUNG_11998.jpg,Tungro_Virus,4,0.3789,0.5958,0.4701,33.9,train
LEAF_LEAF_11999.jpg,Leaf_Blast,2,0.455,0.2967,0.4809,55.0,train
LEAF_TUNG_12000.jpg,Tungro_Virus,4,0.2551,0.5021,0.3759,32.0,train
LEAF_LEAF_12001.jpg,Leaf_Blast,2,0.5201,0.3103,0.2634,49.27,train
LEAF_HEAL_12002.jpg,Healthy_Leaf,3,0.8465,0.0363,0.0,12.04,train
LEAF_LEAF_12003.jpg,Leaf_Blast,2,0.3964,0.3725,0.3435,46.05,val
LEAF_BROW_12004.jpg,Brown_Spot,1,0.4838,0.2755,0.1824,38.22,train
LEAF_TUNG_12005.jpg,Tungro_Virus,4,0.3611,0.6507,0.4142,29.4,test
LEAF_BROW_12006.jpg,Brown_Spot,1,0.5363,0.2188,0.1775,46.61,train
LEAF_TUNG_12007.jpg,Tungro_Virus,4,0.3897,0.6521,0.3557,24.65,train
LEAF_BACT_12008.jpg,Bacterial_Blight,0,0.3347,0.4274,0.2835,40.31,train
LEAF_BACT_12009.jpg,Bacterial_Blight,0,0.4252,0.3783,0.2503,37.9,train
LEAF_HEAL_12010.jpg,Healthy_Leaf,3,0.7946,0.0136,0.0,13.63,val
LEAF_TUNG_12011.jpg,Tungro_Virus,4,0.3599,0.5688,0.5149,33.59,train
LEAF_TUNG_12012.jpg,Tungro_Virus,4,0.3398,0.5023,0.3605,30.9,train
LEAF_HEAL_12013.jpg,Healthy_Leaf,3,0.7318,0.0186,0.0,14.16,train
LEAF_LEAF_12014.jpg,Leaf_Blast,2,0.4885,0.3235,0.4254,53.17,val
LEAF_TUNG_12015.jpg,Tungro_Virus,4,0.4056,0.5699,0.4228,24.1,train
LEAF_BROW_12016.jpg,Brown_Spot,1,0.5353,0.2365,0.2398,37.74,train
LEAF_BROW_12017.jpg,Brown_Spot,1,0.6718,0.2417,0.216,44.54,train
LEAF_TUNG_12018.jpg,Tungro_Virus,4,0.4132,0.4509,0.444,21.51,train
LEAF_BACT_12019.jpg,Bacterial_Blight,0,0.2896,0.3359,0.353,34.01,test
LEAF_BROW_12020.jpg,Brown_Spot,1,0.5477,0.2553,0.2117,52.59,val
LEAF_BACT_12021.jpg,Bacterial_Blight,0,0.3358,0.3859,0.2994,32.09,train
LEAF_HEAL_12022.jpg,Healthy_Leaf,3,0.8666,-0.0087,0.0,13.0,train
LEAF_BROW_12023.jpg,Brown_Spot,1,0.523,0.2534,0.2837,34.97,train
LEAF_BROW_12024.jpg,Brown_Spot,1,0.4636,0.2671,0.2554,51.39,train
LEAF_LEAF_12025.jpg,Leaf_Blast,2,0.4984,0.4038,0.3311,59.23,test
LEAF_BROW_12026.jpg,Brown_Spot,1,0.4237,0.2514,0.1748,52.86,test
LEAF_LEAF_12027.jpg,Leaf_Blast,2,0.3563,0.4467,0.3087,50.06,test
LEAF_HEAL_12028.jpg,Healthy_Leaf,3,0.7578,0.0619,0.0,14.01,val
LEAF_BROW_12029.jpg,Brown_Spot,1,0.5264,0.2873,0.2681,54.78,train
LEAF_TUNG_12030.jpg,Tungro_Virus,4,0.2987,0.5364,0.4947,32.73,val
LEAF_LEAF_12031.jpg,Leaf_Blast,2,0.5052,0.2859,0.4007,48.96,train
LEAF_LEAF_12032.jpg,Leaf_Blast,2,0.4445,0.37,0.419,56.35,val
LEAF_TUNG_12033.jpg,Tungro_Virus,4,0.244,0.5635,0.4683,23.5,train
LEAF_BACT_12034.jpg,Bacterial_Blight,0,0.3399,0.4477,0.3241,39.05,train
LEAF_HEAL_12035.jpg,Healthy_Leaf,3,0.7598,0.0701,0.0,11.52,train
LEAF_BROW_12036.jpg,Brown_Spot,1,0.5014,0.3053,0.0714,42.26,train
LEAF_LEAF_12037.jpg,Leaf_Blast,2,0.468,0.2086,0.2726,56.91,train
LEAF_HEAL_12038.jpg,Healthy_Leaf,3,0.7863,0.0111,0.0,12.7,train
LEAF_HEAL_12039.jpg,Healthy_Leaf,3,0.7882,0.0445,0.0,13.33,train
LEAF_BACT_12040.jpg,Bacterial_Blight,0,0.3786,0.3661,0.3056,35.58,train
LEAF_TUNG_12041.jpg,Tungro_Virus,4,0.3612,0.5293,0.414,22.96,train
LEAF_TUNG_12042.jpg,Tungro_Virus,4,0.3427,0.6446,0.4353,17.89,val
LEAF_BACT_12043.jpg,Bacterial_Blight,0,0.4759,0.3952,0.2653,45.36,test
LEAF_BROW_12044.jpg,Brown_Spot,1,0.5154,0.2509,0.374,43.74,val
LEAF_BROW_12045.jpg,Brown_Spot,1,0.5446,0.2654,0.1997,39.77,train
LEAF_LEAF_12046.jpg,Leaf_Blast,2,0.3452,0.3916,0.2363,50.75,val
LEAF_TUNG_12047.jpg,Tungro_Virus,4,0.2671,0.6156,0.2974,24.95,train
LEAF_LEAF_12048.jpg,Leaf_Blast,2,0.5276,0.3264,0.2571,47.86,train
LEAF_TUNG_12049.jpg,Tungro_Virus,4,0.3064,0.7046,0.3457,22.38,val
LEAF_LEAF_12050.jpg,Leaf_Blast,2,0.486,0.2753,0.459,52.11,train
LEAF_HEAL_12051.jpg,Healthy_Leaf,3,0.8065,0.0609,0.0,11.27,train
LEAF_LEAF_12052.jpg,Leaf_Blast,2,0.4097,0.2259,0.4599,64.17,train
LEAF_BROW_12053.jpg,Brown_Spot,1,0.428,0.2632,0.1839,41.71,train
LEAF_HEAL_12054.jpg,Healthy_Leaf,3,0.8093,0.0411,0.0,9.79,test
LEAF_HEAL_12055.jpg,Healthy_Leaf,3,0.6878,0.0498,0.0,15.91,test
LEAF_HEAL_12056.jpg,Healthy_Leaf,3,0.7957,0.0525,0.0,10.69,train
LEAF_HEAL_12057.jpg,Healthy_Leaf,3,0.8307,0.0509,0.0,8.97,train
LEAF_HEAL_12058.jpg,Healthy_Leaf,3,0.7186,0.0481,0.0,8.96,train
LEAF_BROW_12059.jpg,Brown_Spot,1,0.544,0.253,0.2096,53.74,train
LEAF_HEAL_12060.jpg,Healthy_Leaf,3,0.7158,0.0584,0.0,14.71,train
LEAF_HEAL_12061.jpg,Healthy_Leaf,3,0.7039,0.001,0.0,16.2,train
LEAF_BROW_12062.jpg,Brown_Spot,1,0.4992,0.2584,0.1963,33.48,val
LEAF_LEAF_12063.jpg,Leaf_Blast,2,0.5192,0.3799,0.1,61.92,train
LEAF_BACT_12064.jpg,Bacterial_Blight,0,0.5766,0.4047,0.2389,36.79,train
LEAF_HEAL_12065.jpg,Healthy_Leaf,3,0.83,0.0605,0.0,13.11,train
LEAF_BACT_12066.jpg,Bacterial_Blight,0,0.5015,0.3491,0.3195,34.13,train
LEAF_BROW_12067.jpg,Brown_Spot,1,0.5114,0.2569,0.2927,41.09,train
LEAF_HEAL_12068.jpg,Healthy_Leaf,3,0.7616,0.0553,0.0,10.99,train
LEAF_BACT_12069.jpg,Bacterial_Blight,0,0.4923,0.4255,0.2901,41.95,train
LEAF_LEAF_12070.jpg,Leaf_Blast,2,0.2938,0.2184,0.5171,51.88,val
LEAF_BACT_12071.jpg,Bacterial_Blight,0,0.4223,0.427,0.3939,31.9,test
LEAF_HEAL_12072.jpg,Healthy_Leaf,3,0.9049,0.0499,0.0,13.49,train
LEAF_LEAF_12073.jpg,Leaf_Blast,2,0.4272,0.367,0.3073,47.43,train
LEAF_HEAL_12074.jpg,Healthy_Leaf,3,0.7783,0.0457,0.0,17.7,train
LEAF_LEAF_12075.jpg,Leaf_Blast,2,0.6235,0.2339,0.409,52.53,train
LEAF_HEAL_12076.jpg,Healthy_Leaf,3,0.6915,0.0707,0.0,11.71,train
LEAF_BACT_12077.jpg,Bacterial_Blight,0,0.4438,0.472,0.3148,43.81,val
LEAF_HEAL_12078.jpg,Healthy_Leaf,3,0.7678,0.05,0.0,12.24,val
LEAF_LEAF_12079.jpg,Leaf_Blast,2,0.3857,0.3375,0.4192,52.01,train
LEAF_BACT_12080.jpg,Bacterial_Blight,0,0.325,0.3119,0.2781,35.2,train
LEAF_HEAL_12081.jpg,Healthy_Leaf,3,0.7535,0.0587,0.0,12.83,train
LEAF_HEAL_12082.jpg,Healthy_Leaf,3,0.7504,0.0792,0.0,11.59,test
LEAF_HEAL_12083.jpg,Healthy_Leaf,3,0.79,0.0559,0.0,10.99,train
LEAF_BACT_12084.jpg,Bacterial_Blight,0,0.537,0.4149,0.32,37.05,val
LEAF_BACT_12085.jpg,Bacterial_Blight,0,0.4272,0.3943,0.3119,31.33,train
LEAF_BACT_12086.jpg,Bacterial_Blight,0,0.4381,0.3465,0.2589,34.35,train
LEAF_HEAL_12087.jpg,Healthy_Leaf,3,0.8536,0.0334,0.0,11.19,train
LEAF_TUNG_12088.jpg,Tungro_Virus,4,0.343,0.5842,0.4303,28.88,test
LEAF_BROW_12089.jpg,Brown_Spot,1,0.5226,0.1777,0.1651,40.27,test
LEAF_LEAF_12090.jpg,Leaf_Blast,2,0.3654,0.1626,0.3073,49.75,test
LEAF_TUNG_12091.jpg,Tungro_Virus,4,0.3028,0.4772,0.4187,24.36,train
LEAF_BROW_12092.jpg,Brown_Spot,1,0.4966,0.214,0.2043,46.8,train
LEAF_TUNG_12093.jpg,Tungro_Virus,4,0.3173,0.6295,0.5625,29.1,val
LEAF_TUNG_12094.jpg,Tungro_Virus,4,0.3188,0.6131,0.4809,32.0,train
LEAF_TUNG_12095.jpg,Tungro_Virus,4,0.3676,0.6073,0.4823,23.17,train
LEAF_TUNG_12096.jpg,Tungro_Virus,4,0.3841,0.4465,0.5212,29.07,val
LEAF_HEAL_12097.jpg,Healthy_Leaf,3,0.7658,0.0138,0.0,15.33,train
LEAF_BACT_12098.jpg,Bacterial_Blight,0,0.4858,0.5189,0.3832,38.25,train
LEAF_HEAL_12099.jpg,Healthy_Leaf,3,0.7455,0.0378,0.0,12.8,train
LEAF_BACT_12100.jpg,Bacterial_Blight,0,0.5972,0.4536,0.3561,46.85,val
LEAF_LEAF_12101.jpg,Leaf_Blast,2,0.2887,0.3383,0.23,61.73,train
LEAF_TUNG_12102.jpg,Tungro_Virus,4,0.3657,0.7395,0.4945,27.03,val
LEAF_HEAL_12103.jpg,Healthy_Leaf,3,0.7394,0.0411,0.0,11.38,train
LEAF_TUNG_12104.jpg,Tungro_Virus,4,0.3998,0.509,0.6469,25.06,train
LEAF_BROW_12105.jpg,Brown_Spot,1,0.4423,0.2382,0.1919,51.15,train
LEAF_TUNG_12106.jpg,Tungro_Virus,4,0.5062,0.5611,0.4396,22.89,test
LEAF_BROW_12107.jpg,Brown_Spot,1,0.4371,0.2251,0.2396,41.85,val
LEAF_TUNG_12108.jpg,Tungro_Virus,4,0.276,0.6426,0.3218,23.65,test
LEAF_LEAF_12109.jpg,Leaf_Blast,2,0.4744,0.2843,0.3225,59.07,train
LEAF_TUNG_12110.jpg,Tungro_Virus,4,0.3033,0.5828,0.3773,27.4,train
LEAF_BACT_12111.jpg,Bacterial_Blight,0,0.4437,0.4114,0.3855,36.1,val
LEAF_BACT_12112.jpg,Bacterial_Blight,0,0.4948,0.358,0.43,35.17,train
LEAF_BROW_12113.jpg,Brown_Spot,1,0.6333,0.2341,0.1891,45.16,train
LEAF_TUNG_12114.jpg,Tungro_Virus,4,0.3555,0.5649,0.5099,28.72,val
LEAF_BACT_12115.jpg,Bacterial_Blight,0,0.4366,0.2973,0.3184,31.55,train
LEAF_TUNG_12116.jpg,Tungro_Virus,4,0.4054,0.5536,0.448,22.12,train
LEAF_BROW_12117.jpg,Brown_Spot,1,0.5954,0.227,0.2996,28.92,test
LEAF_BACT_12118.jpg,Bacterial_Blight,0,0.6038,0.3759,0.3472,32.69,train
LEAF_TUNG_12119.jpg,Tungro_Virus,4,0.2484,0.4834,0.3275,29.52,train
LEAF_BROW_12120.jpg,Brown_Spot,1,0.5459,0.1414,0.2997,56.92,train
LEAF_BROW_12121.jpg,Brown_Spot,1,0.5444,0.225,0.1928,48.93,train
LEAF_LEAF_12122.jpg,Leaf_Blast,2,0.6158,0.3303,0.3453,46.97,val
LEAF_LEAF_12123.jpg,Leaf_Blast,2,0.4709,0.3263,0.2376,49.55,test
LEAF_LEAF_12124.jpg,Leaf_Blast,2,0.4167,0.365,0.247,52.49,train
LEAF_LEAF_12125.jpg,Leaf_Blast,2,0.4462,0.2592,0.4772,49.13,train
LEAF_TUNG_12126.jpg,Tungro_Virus,4,0.3411,0.4815,0.4737,26.34,test
LEAF_HEAL_12127.jpg,Healthy_Leaf,3,0.7412,0.0967,0.0,11.79,train
LEAF_HEAL_12128.jpg,Healthy_Leaf,3,0.7694,0.0481,0.0,13.52,train
LEAF_LEAF_12129.jpg,Leaf_Blast,2,0.3857,0.4076,0.3925,58.37,train
LEAF_LEAF_12130.jpg,Leaf_Blast,2,0.4244,0.3348,0.4675,48.09,train
LEAF_TUNG_12131.jpg,Tungro_Virus,4,0.2459,0.4639,0.4409,31.96,train
LEAF_BROW_12132.jpg,Brown_Spot,1,0.5825,0.1861,0.182,48.43,train
LEAF_LEAF_12133.jpg,Leaf_Blast,2,0.4031,0.2429,0.4987,46.72,train
LEAF_LEAF_12134.jpg,Leaf_Blast,2,0.5102,0.3548,0.465,55.67,train
LEAF_TUNG_12135.jpg,Tungro_Virus,4,0.3896,0.6131,0.3022,28.97,train
LEAF_BROW_12136.jpg,Brown_Spot,1,0.5037,0.3453,0.2494,50.55,train
LEAF_BACT_12137.jpg,Bacterial_Blight,0,0.4287,0.4454,0.2305,38.55,train
LEAF_BACT_12138.jpg,Bacterial_Blight,0,0.6418,0.4233,0.3174,25.69,test
LEAF_BACT_12139.jpg,Bacterial_Blight,0,0.4371,0.4085,0.2791,45.14,test
LEAF_LEAF_12140.jpg,Leaf_Blast,2,0.4664,0.2807,0.3076,44.91,val
LEAF_TUNG_12141.jpg,Tungro_Virus,4,0.3858,0.5458,0.5022,25.9,train
LEAF_BACT_12142.jpg,Bacterial_Blight,0,0.4203,0.356,0.2201,35.53,train
LEAF_TUNG_12143.jpg,Tungro_Virus,4,0.3214,0.557,0.5318,28.58,train
LEAF_LEAF_12144.jpg,Leaf_Blast,2,0.3112,0.2851,0.3386,47.7,train
LEAF_LEAF_12145.jpg,Leaf_Blast,2,0.4766,0.1664,0.453,40.95,train
LEAF_BROW_12146.jpg,Brown_Spot,1,0.5414,0.2408,0.2351,51.67,train
LEAF_TUNG_12147.jpg,Tungro_Virus,4,0.3476,0.7368,0.5304,26.83,train
LEAF_HEAL_12148.jpg,Healthy_Leaf,3,0.7319,0.0364,0.0,9.56,train
LEAF_BACT_12149.jpg,Bacterial_Blight,0,0.2972,0.3875,0.2071,26.11,val
LEAF_LEAF_12150.jpg,Leaf_Blast,2,0.5677,0.4049,0.4161,52.41,test
LEAF_BACT_12151.jpg,Bacterial_Blight,0,0.4482,0.4231,0.3072,35.05,test
LEAF_BACT_12152.jpg,Bacterial_Blight,0,0.3122,0.375,0.4077,44.3,val
LEAF_BROW_12153.jpg,Brown_Spot,1,0.5237,0.2492,0.1981,36.26,val
LEAF_HEAL_12154.jpg,Healthy_Leaf,3,0.8852,0.0227,0.0,12.66,test
LEAF_LEAF_12155.jpg,Leaf_Blast,2,0.5588,0.1996,0.2533,56.52,val
LEAF_BROW_12156.jpg,Brown_Spot,1,0.4939,0.1876,0.1144,47.9,val
LEAF_HEAL_12157.jpg,Healthy_Leaf,3,0.7964,-0.0351,0.0,13.51,train
LEAF_BROW_12158.jpg,Brown_Spot,1,0.418,0.146,0.2367,40.61,train
LEAF_LEAF_12159.jpg,Leaf_Blast,2,0.3285,0.3687,0.4805,50.48,train
LEAF_HEAL_12160.jpg,Healthy_Leaf,3,0.8489,0.0747,0.0,11.26,train
LEAF_BROW_12161.jpg,Brown_Spot,1,0.4733,0.2767,0.1507,40.95,train
LEAF_BROW_12162.jpg,Brown_Spot,1,0.614,0.2679,0.1854,52.32,test
LEAF_LEAF_12163.jpg,Leaf_Blast,2,0.5414,0.276,0.4325,57.91,train
LEAF_LEAF_12164.jpg,Leaf_Blast,2,0.451,0.3796,0.4238,63.97,val
LEAF_BROW_12165.jpg,Brown_Spot,1,0.4496,0.2601,0.2863,50.44,train
LEAF_HEAL_12166.jpg,Healthy_Leaf,3,0.7303,0.0355,0.0,9.88,train
LEAF_BROW_12167.jpg,Brown_Spot,1,0.496,0.2926,0.2645,43.27,test
LEAF_HEAL_12168.jpg,Healthy_Leaf,3,0.7832,0.0471,0.0,9.83,train
LEAF_BROW_12169.jpg,Brown_Spot,1,0.5092,0.298,0.2341,48.21,train
LEAF_BACT_12170.jpg,Bacterial_Blight,0,0.4852,0.3347,0.2344,36.87,train
LEAF_BACT_12171.jpg,Bacterial_Blight,0,0.5329,0.3257,0.3033,44.77,train
LEAF_BACT_12172.jpg,Bacterial_Blight,0,0.4715,0.3687,0.4535,39.53,train
LEAF_BROW_12173.jpg,Brown_Spot,1,0.5392,0.2313,0.301,40.33,train
LEAF_HEAL_12174.jpg,Healthy_Leaf,3,0.8303,0.1014,0.0,12.86,train
LEAF_BACT_12175.jpg,Bacterial_Blight,0,0.4723,0.3178,0.305,52.47,train
LEAF_BACT_12176.jpg,Bacterial_Blight,0,0.4896,0.3553,0.4039,37.55,train
LEAF_BACT_12177.jpg,Bacterial_Blight,0,0.6087,0.3262,0.2893,29.33,train
LEAF_LEAF_12178.jpg,Leaf_Blast,2,0.2796,0.3284,0.305,58.58,val
LEAF_TUNG_12179.jpg,Tungro_Virus,4,0.2166,0.609,0.5624,28.28,val
LEAF_TUNG_12180.jpg,Tungro_Virus,4,0.1731,0.5604,0.3658,26.56,train
LEAF_BROW_12181.jpg,Brown_Spot,1,0.6221,0.1766,0.2179,55.03,train
LEAF_HEAL_12182.jpg,Healthy_Leaf,3,0.8902,0.0225,0.0,14.25,train
LEAF_TUNG_12183.jpg,Tungro_Virus,4,0.3999,0.5286,0.5924,27.08,val
LEAF_HEAL_12184.jpg,Healthy_Leaf,3,0.7059,0.049,0.0,15.36,train
LEAF_BACT_12185.jpg,Bacterial_Blight,0,0.4351,0.388,0.2938,37.99,val
LEAF_LEAF_12186.jpg,Leaf_Blast,2,0.3164,0.25,0.2754,53.21,train
LEAF_BACT_12187.jpg,Bacterial_Blight,0,0.7077,0.446,0.3125,38.2,val
LEAF_BACT_12188.jpg,Bacterial_Blight,0,0.5759,0.313,0.394,36.53,test
LEAF_BROW_12189.jpg,Brown_Spot,1,0.534,0.2413,0.3495,53.51,test
LEAF_BACT_12190.jpg,Bacterial_Blight,0,0.3757,0.3915,0.3788,35.71,train
LEAF_TUNG_12191.jpg,Tungro_Virus,4,0.3927,0.6585,0.2089,33.43,train
LEAF_BACT_12192.jpg,Bacterial_Blight,0,0.5509,0.2584,0.2589,43.48,val
LEAF_BACT_12193.jpg,Bacterial_Blight,0,0.479,0.3757,0.399,34.91,train
LEAF_BROW_12194.jpg,Brown_Spot,1,0.5494,0.2339,0.2175,42.83,train
LEAF_BACT_12195.jpg,Bacterial_Blight,0,0.4611,0.3197,0.3463,40.77,train
LEAF_TUNG_12196.jpg,Tungro_Virus,4,0.2402,0.5323,0.453,25.61,train
LEAF_HEAL_12197.jpg,Healthy_Leaf,3,0.7689,-0.0062,0.0,11.3,train
LEAF_BROW_12198.jpg,Brown_Spot,1,0.5388,0.1986,0.1495,40.95,train
LEAF_LEAF_12199.jpg,Leaf_Blast,2,0.5742,0.1831,0.1763,51.4,train
LEAF_HEAL_12200.jpg,Healthy_Leaf,3,0.7784,0.0309,0.0,14.65,test
LEAF_BACT_12201.jpg,Bacterial_Blight,0,0.4942,0.4839,0.185,40.12,val
LEAF_TUNG_12202.jpg,Tungro_Virus,4,0.2862,0.6208,0.5478,33.56,train
LEAF_LEAF_12203.jpg,Leaf_Blast,2,0.6061,0.2142,0.3891,57.84,train
LEAF_TUNG_12204.jpg,Tungro_Virus,4,0.2391,0.4795,0.3652,24.23,val
LEAF_HEAL_12205.jpg,Healthy_Leaf,3,0.7337,0.074,0.0,11.1,test
LEAF_HEAL_12206.jpg,Healthy_Leaf,3,0.7971,0.0271,0.0,12.54,train
LEAF_BROW_12207.jpg,Brown_Spot,1,0.4164,0.1758,0.2569,40.94,train
LEAF_BROW_12208.jpg,Brown_Spot,1,0.3852,0.1547,0.2161,47.12,val
LEAF_BACT_12209.jpg,Bacterial_Blight,0,0.3749,0.3976,0.2832,39.18,val
LEAF_BROW_12210.jpg,Brown_Spot,1,0.5128,0.2604,0.1095,48.13,train
LEAF_BACT_12211.jpg,Bacterial_Blight,0,0.4308,0.3324,0.4642,30.53,train
LEAF_TUNG_12212.jpg,Tungro_Virus,4,0.3234,0.5647,0.4123,24.79,train
LEAF_HEAL_12213.jpg,Healthy_Leaf,3,0.739,0.0826,0.0,13.84,train
LEAF_BROW_12214.jpg,Brown_Spot,1,0.5163,0.1805,0.2983,42.38,val
LEAF_BACT_12215.jpg,Bacterial_Blight,0,0.5714,0.3868,0.3233,34.52,train
LEAF_TUNG_12216.jpg,Tungro_Virus,4,0.3065,0.552,0.5527,26.95,test
LEAF_TUNG_12217.jpg,Tungro_Virus,4,0.3818,0.5423,0.5222,28.83,train
LEAF_BACT_12218.jpg,Bacterial_Blight,0,0.3048,0.3354,0.1938,47.99,train
LEAF_TUNG_12219.jpg,Tungro_Virus,4,0.226,0.7869,0.5014,25.92,train
LEAF_HEAL_12220.jpg,Healthy_Leaf,3,0.7095,0.0416,0.0,13.9,test
LEAF_HEAL_12221.jpg,Healthy_Leaf,3,0.8439,0.05,0.0,11.44,train
LEAF_HEAL_12222.jpg,Healthy_Leaf,3,0.7935,0.0642,0.0,16.87,train
LEAF_BACT_12223.jpg,Bacterial_Blight,0,0.4365,0.299,0.3673,29.95,val
LEAF_BROW_12224.jpg,Brown_Spot,1,0.6086,0.1221,0.1969,37.24,test
LEAF_TUNG_12225.jpg,Tungro_Virus,4,0.4012,0.7143,0.2156,31.46,test
LEAF_HEAL_12226.jpg,Healthy_Leaf,3,0.8334,0.0503,0.0,14.24,train
LEAF_BROW_12227.jpg,Brown_Spot,1,0.5347,0.2575,0.254,37.38,train
LEAF_TUNG_12228.jpg,Tungro_Virus,4,0.2268,0.5703,0.6044,23.26,train
LEAF_LEAF_12229.jpg,Leaf_Blast,2,0.3819,0.3351,0.4183,46.49,train
LEAF_HEAL_12230.jpg,Healthy_Leaf,3,0.7679,0.047,0.0,16.57,train
LEAF_TUNG_12231.jpg,Tungro_Virus,4,0.3652,0.5241,0.4481,28.53,train
LEAF_LEAF_12232.jpg,Leaf_Blast,2,0.5032,0.2841,0.1943,53.5,train
LEAF_BROW_12233.jpg,Brown_Spot,1,0.4891,0.2321,0.2884,36.1,train
LEAF_BACT_12234.jpg,Bacterial_Blight,0,0.508,0.5132,0.306,36.98,val
LEAF_LEAF_12235.jpg,Leaf_Blast,2,0.5076,0.2883,0.4132,57.03,train
LEAF_BACT_12236.jpg,Bacterial_Blight,0,0.4532,0.3732,0.3191,31.81,train
LEAF_HEAL_12237.jpg,Healthy_Leaf,3,0.7606,0.0284,0.0,12.47,train
LEAF_HEAL_12238.jpg,Healthy_Leaf,3,0.82,0.0507,0.0,12.93,train
LEAF_BACT_12239.jpg,Bacterial_Blight,0,0.4667,0.3083,0.3754,36.89,test
LEAF_BACT_12240.jpg,Bacterial_Blight,0,0.3482,0.3473,0.3882,28.42,val
LEAF_LEAF_12241.jpg,Leaf_Blast,2,0.3676,0.37,0.4851,53.45,train
LEAF_TUNG_12242.jpg,Tungro_Virus,4,0.3074,0.6475,0.3601,24.09,train
LEAF_HEAL_12243.jpg,Healthy_Leaf,3,0.7222,0.06,0.0,12.8,train
LEAF_HEAL_12244.jpg,Healthy_Leaf,3,0.7487,0.0491,0.0,11.64,train
LEAF_BROW_12245.jpg,Brown_Spot,1,0.3455,0.198,0.2609,47.02,train
LEAF_LEAF_12246.jpg,Leaf_Blast,2,0.463,0.3561,0.2154,52.42,val
LEAF_BROW_12247.jpg,Brown_Spot,1,0.5409,0.2526,0.1463,39.02,train
LEAF_LEAF_12248.jpg,Leaf_Blast,2,0.6326,0.258,0.1856,58.42,train
LEAF_TUNG_12249.jpg,Tungro_Virus,4,0.2027,0.4678,0.4504,32.44,train
LEAF_HEAL_12250.jpg,Healthy_Leaf,3,0.7765,0.0148,0.0,12.87,val
LEAF_BROW_12251.jpg,Brown_Spot,1,0.5798,0.2231,0.2668,46.63,train
LEAF_HEAL_12252.jpg,Healthy_Leaf,3,0.8073,0.0666,0.0,12.53,train
LEAF_HEAL_12253.jpg,Healthy_Leaf,3,0.7413,0.0521,0.0,12.62,train
LEAF_LEAF_12254.jpg,Leaf_Blast,2,0.4907,0.21,0.4366,58.74,val
LEAF_TUNG_12255.jpg,Tungro_Virus,4,0.3066,0.5317,0.4485,35.93,train
LEAF_LEAF_12256.jpg,Leaf_Blast,2,0.3133,0.1993,0.316,60.86,train
LEAF_BACT_12257.jpg,Bacterial_Blight,0,0.3981,0.4653,0.3344,40.42,val
LEAF_HEAL_12258.jpg,Healthy_Leaf,3,0.7594,-0.0067,0.0,11.32,val
LEAF_TUNG_12259.jpg,Tungro_Virus,4,0.2667,0.5582,0.6256,25.44,train
LEAF_BACT_12260.jpg,Bacterial_Blight,0,0.3019,0.3872,0.4151,39.44,val
LEAF_LEAF_12261.jpg,Leaf_Blast,2,0.4215,0.2387,0.3528,56.69,train
LEAF_BROW_12262.jpg,Brown_Spot,1,0.5378,0.2357,0.2519,47.84,train
LEAF_BROW_12263.jpg,Brown_Spot,1,0.6666,0.2398,0.2146,50.15,train
LEAF_LEAF_12264.jpg,Leaf_Blast,2,0.5182,0.2972,0.4749,47.6,train
LEAF_BROW_12265.jpg,Brown_Spot,1,0.4986,0.253,0.2738,48.91,train
LEAF_BROW_12266.jpg,Brown_Spot,1,0.4771,0.2544,0.1251,39.66,train
LEAF_TUNG_12267.jpg,Tungro_Virus,4,0.2925,0.6605,0.4688,26.1,train
LEAF_LEAF_12268.jpg,Leaf_Blast,2,0.4153,0.3777,0.4043,42.88,train
LEAF_BACT_12269.jpg,Bacterial_Blight,0,0.4439,0.3244,0.2664,33.49,train
LEAF_HEAL_12270.jpg,Healthy_Leaf,3,0.768,0.0707,0.0,14.12,train
LEAF_BACT_12271.jpg,Bacterial_Blight,0,0.4239,0.3563,0.3583,41.33,train
LEAF_BROW_12272.jpg,Brown_Spot,1,0.5261,0.2717,0.1817,49.9,train
LEAF_HEAL_12273.jpg,Healthy_Leaf,3,0.8365,0.0632,0.0,16.64,val
LEAF_BROW_12274.jpg,Brown_Spot,1,0.6398,0.294,0.1991,47.73,val
LEAF_TUNG_12275.jpg,Tungro_Virus,4,0.2073,0.4276,0.2785,29.56,val
LEAF_LEAF_12276.jpg,Leaf_Blast,2,0.4849,0.3691,0.2062,50.8,train
LEAF_TUNG_12277.jpg,Tungro_Virus,4,0.2636,0.5094,0.6194,28.23,train
LEAF_HEAL_12278.jpg,Healthy_Leaf,3,0.7592,0.0349,0.0,15.74,train
LEAF_TUNG_12279.jpg,Tungro_Virus,4,0.2605,0.5131,0.4018,30.03,train
LEAF_BACT_12280.jpg,Bacterial_Blight,0,0.5405,0.3365,0.3841,33.46,train
LEAF_BROW_12281.jpg,Brown_Spot,1,0.4164,0.204,0.2185,39.04,train
LEAF_HEAL_12282.jpg,Healthy_Leaf,3,0.7892,0.0664,0.0,12.69,train
LEAF_LEAF_12283.jpg,Leaf_Blast,2,0.4209,0.2299,0.4051,47.92,train
LEAF_TUNG_12284.jpg,Tungro_Virus,4,0.3762,0.6577,0.3956,31.14,val
LEAF_TUNG_12285.jpg,Tungro_Virus,4,0.3667,0.5559,0.407,29.32,train
LEAF_BROW_12286.jpg,Brown_Spot,1,0.6578,0.3089,0.2241,50.2,train
LEAF_BROW_12287.jpg,Brown_Spot,1,0.6232,0.2385,0.1623,33.49,train
LEAF_LEAF_12288.jpg,Leaf_Blast,2,0.3227,0.2439,0.3585,47.15,val
LEAF_BROW_12289.jpg,Brown_Spot,1,0.6103,0.2485,0.1809,40.65,train
LEAF_HEAL_12290.jpg,Healthy_Leaf,3,0.8557,0.0424,0.0,7.78,train
LEAF_BROW_12291.jpg,Brown_Spot,1,0.4658,0.3107,0.1051,36.43,val
LEAF_TUNG_12292.jpg,Tungro_Virus,4,0.299,0.7442,0.5117,32.89,train
LEAF_BACT_12293.jpg,Bacterial_Blight,0,0.4759,0.3474,0.2774,42.64,train
LEAF_TUNG_12294.jpg,Tungro_Virus,4,0.3483,0.657,0.3936,26.63,train
LEAF_BACT_12295.jpg,Bacterial_Blight,0,0.5157,0.2727,0.3572,32.37,train
LEAF_LEAF_12296.jpg,Leaf_Blast,2,0.3942,0.2055,0.3338,50.14,test
LEAF_TUNG_12297.jpg,Tungro_Virus,4,0.3596,0.5987,0.4204,28.36,test
LEAF_BACT_12298.jpg,Bacterial_Blight,0,0.3902,0.4298,0.4494,32.01,train
LEAF_BROW_12299.jpg,Brown_Spot,1,0.4345,0.1862,0.1359,43.84,val
LEAF_BACT_12300.jpg,Bacterial_Blight,0,0.435,0.307,0.3186,32.71,train
LEAF_LEAF_12301.jpg,Leaf_Blast,2,0.2768,0.1873,0.3124,49.99,train
LEAF_LEAF_12302.jpg,Leaf_Blast,2,0.3823,0.4003,0.4552,58.9,test
LEAF_BACT_12303.jpg,Bacterial_Blight,0,0.5047,0.4033,0.2556,38.72,train
LEAF_BROW_12304.jpg,Brown_Spot,1,0.4068,0.2703,0.2298,43.18,train
LEAF_LEAF_12305.jpg,Leaf_Blast,2,0.4705,0.2779,0.4306,53.02,train
LEAF_TUNG_12306.jpg,Tungro_Virus,4,0.3309,0.6545,0.4308,29.89,train
LEAF_BACT_12307.jpg,Bacterial_Blight,0,0.6075,0.4184,0.2767,40.11,train
LEAF_BACT_12308.jpg,Bacterial_Blight,0,0.4037,0.4071,0.3049,39.42,train
LEAF_TUNG_12309.jpg,Tungro_Virus,4,0.2945,0.577,0.364,27.96,test
LEAF_LEAF_12310.jpg,Leaf_Blast,2,0.4836,0.1878,0.2343,43.83,train
LEAF_HEAL_12311.jpg,Healthy_Leaf,3,0.6666,0.0789,0.0,8.52,train
LEAF_HEAL_12312.jpg,Healthy_Leaf,3,0.7815,0.0528,0.0,10.48,train
LEAF_LEAF_12313.jpg,Leaf_Blast,2,0.5439,0.3001,0.2065,56.4,train
LEAF_HEAL_12314.jpg,Healthy_Leaf,3,0.7695,0.0297,0.0,10.96,train
LEAF_BACT_12315.jpg,Bacterial_Blight,0,0.41,0.3586,0.2857,41.81,train
LEAF_HEAL_12316.jpg,Healthy_Leaf,3,0.8136,0.0093,0.0,11.31,train
LEAF_HEAL_12317.jpg,Healthy_Leaf,3,0.7967,0.0448,0.0,11.98,test
LEAF_BACT_12318.jpg,Bacterial_Blight,0,0.4767,0.3558,0.3885,36.03,train
LEAF_TUNG_12319.jpg,Tungro_Virus,4,0.3132,0.5743,0.4142,27.64,train
LEAF_BROW_12320.jpg,Brown_Spot,1,0.4973,0.2414,0.2811,48.74,train
LEAF_BROW_12321.jpg,Brown_Spot,1,0.4095,0.1719,0.2365,44.42,val
LEAF_TUNG_12322.jpg,Tungro_Virus,4,0.4414,0.5533,0.3724,24.51,val
LEAF_HEAL_12323.jpg,Healthy_Leaf,3,0.7574,0.0985,0.0,10.09,train
LEAF_LEAF_12324.jpg,Leaf_Blast,2,0.478,0.3968,0.4276,43.55,train
LEAF_LEAF_12325.jpg,Leaf_Blast,2,0.2596,0.2826,0.405,54.44,train
LEAF_TUNG_12326.jpg,Tungro_Virus,4,0.4343,0.5887,0.4393,32.62,val
LEAF_BACT_12327.jpg,Bacterial_Blight,0,0.5159,0.3217,0.351,48.93,train
LEAF_TUNG_12328.jpg,Tungro_Virus,4,0.3882,0.5129,0.6839,30.76,train
LEAF_TUNG_12329.jpg,Tungro_Virus,4,0.361,0.5889,0.452,27.47,val
LEAF_HEAL_12330.jpg,Healthy_Leaf,3,0.7725,0.0096,0.0,12.57,train
LEAF_BACT_12331.jpg,Bacterial_Blight,0,0.4226,0.3164,0.1912,39.46,val
LEAF_TUNG_12332.jpg,Tungro_Virus,4,0.3216,0.5791,0.5011,25.36,train
LEAF_HEAL_12333.jpg,Healthy_Leaf,3,0.7966,0.078,0.0,12.6,val
LEAF_BROW_12334.jpg,Brown_Spot,1,0.5121,0.3026,0.2448,43.03,train
LEAF_HEAL_12335.jpg,Healthy_Leaf,3,0.6717,0.0576,0.0,13.2,train
LEAF_BACT_12336.jpg,Bacterial_Blight,0,0.5827,0.3584,0.3947,41.25,train
LEAF_LEAF_12337.jpg,Leaf_Blast,2,0.4672,0.3538,0.421,68.04,val
LEAF_HEAL_12338.jpg,Healthy_Leaf,3,0.8035,0.0261,0.0,15.0,test
LEAF_BROW_12339.jpg,Brown_Spot,1,0.5161,0.2404,0.2119,44.6,train
LEAF_BACT_12340.jpg,Bacterial_Blight,0,0.4723,0.3691,0.3592,38.38,test
LEAF_TUNG_12341.jpg,Tungro_Virus,4,0.2868,0.5189,0.4598,25.01,train
LEAF_BROW_12342.jpg,Brown_Spot,1,0.5378,0.3097,0.2409,50.32,test
LEAF_BROW_12343.jpg,Brown_Spot,1,0.6357,0.2914,0.2762,43.41,test
LEAF_LEAF_12344.jpg,Leaf_Blast,2,0.4015,0.1346,0.3857,58.73,train
LEAF_LEAF_12345.jpg,Leaf_Blast,2,0.4235,0.158,0.32,44.19,train
LEAF_BROW_12346.jpg,Brown_Spot,1,0.4303,0.1998,0.258,41.94,train
LEAF_BROW_12347.jpg,Brown_Spot,1,0.529,0.1318,0.2797,45.43,train
LEAF_TUNG_12348.jpg,Tungro_Virus,4,0.4163,0.5494,0.1864,24.44,train
LEAF_TUNG_12349.jpg,Tungro_Virus,4,0.3126,0.5011,0.4518,27.94,test
LEAF_LEAF_12350.jpg,Leaf_Blast,2,0.4645,0.2823,0.2598,61.52,test
LEAF_TUNG_12351.jpg,Tungro_Virus,4,0.4389,0.7195,0.5199,21.3,train
LEAF_BROW_12352.jpg,Brown_Spot,1,0.5162,0.2452,0.2316,36.65,train
LEAF_LEAF_12353.jpg,Leaf_Blast,2,0.3451,0.1697,0.3419,60.83,test
LEAF_BROW_12354.jpg,Brown_Spot,1,0.4892,0.2573,0.2767,47.47,test
LEAF_TUNG_12355.jpg,Tungro_Virus,4,0.3545,0.4469,0.6638,21.39,train
LEAF_TUNG_12356.jpg,Tungro_Virus,4,0.3136,0.6496,0.3792,26.27,train
LEAF_BROW_12357.jpg,Brown_Spot,1,0.5386,0.2819,0.2687,56.95,train
LEAF_TUNG_12358.jpg,Tungro_Virus,4,0.429,0.6058,0.4658,25.87,val
LEAF_HEAL_12359.jpg,Healthy_Leaf,3,0.7435,0.0544,0.0,14.52,train
LEAF_TUNG_12360.jpg,Tungro_Virus,4,0.2527,0.5796,0.3547,20.69,train
LEAF_BACT_12361.jpg,Bacterial_Blight,0,0.4196,0.4022,0.345,31.02,train
LEAF_BACT_12362.jpg,Bacterial_Blight,0,0.3904,0.3599,0.3449,42.88,train
LEAF_BACT_12363.jpg,Bacterial_Blight,0,0.4001,0.3751,0.3795,38.04,train
LEAF_BROW_12364.jpg,Brown_Spot,1,0.6418,0.26,0.1358,32.59,train
LEAF_HEAL_12365.jpg,Healthy_Leaf,3,0.7237,0.0374,0.0,11.78,train
LEAF_BACT_12366.jpg,Bacterial_Blight,0,0.4421,0.4826,0.2211,39.96,val
LEAF_TUNG_12367.jpg,Tungro_Virus,4,0.4254,0.642,0.3376,21.83,val
LEAF_TUNG_12368.jpg,Tungro_Virus,4,0.3939,0.6239,0.4015,25.79,train
LEAF_BACT_12369.jpg,Bacterial_Blight,0,0.3676,0.4346,0.3671,40.79,train
LEAF_BACT_12370.jpg,Bacterial_Blight,0,0.4489,0.3862,0.3623,35.43,val
LEAF_BROW_12371.jpg,Brown_Spot,1,0.4409,0.2127,0.2204,50.4,train
LEAF_BROW_12372.jpg,Brown_Spot,1,0.4255,0.3275,0.292,36.42,train
LEAF_BROW_12373.jpg,Brown_Spot,1,0.4936,0.1997,0.3287,37.84,test
LEAF_BACT_12374.jpg,Bacterial_Blight,0,0.4218,0.3435,0.1,38.46,val
LEAF_BROW_12375.jpg,Brown_Spot,1,0.5859,0.2616,0.2346,45.98,train
LEAF_BACT_12376.jpg,Bacterial_Blight,0,0.5859,0.4241,0.3365,41.0,test
LEAF_BROW_12377.jpg,Brown_Spot,1,0.5616,0.1463,0.2744,50.01,val
LEAF_BROW_12378.jpg,Brown_Spot,1,0.3648,0.2676,0.2224,43.14,train
LEAF_BACT_12379.jpg,Bacterial_Blight,0,0.4815,0.415,0.1756,43.0,val
LEAF_BROW_12380.jpg,Brown_Spot,1,0.565,0.2284,0.2152,44.88,train
LEAF_HEAL_12381.jpg,Healthy_Leaf,3,0.7581,0.0084,0.0,12.75,val
LEAF_BROW_12382.jpg,Brown_Spot,1,0.4764,0.2088,0.2104,42.25,train
LEAF_LEAF_12383.jpg,Leaf_Blast,2,0.4183,0.3451,0.5685,59.55,train
LEAF_BACT_12384.jpg,Bacterial_Blight,0,0.4838,0.3096,0.4244,42.69,train
LEAF_BROW_12385.jpg,Brown_Spot,1,0.4129,0.107,0.1462,45.63,val
LEAF_BROW_12386.jpg,Brown_Spot,1,0.5606,0.3015,0.2125,43.48,train
LEAF_LEAF_12387.jpg,Leaf_Blast,2,0.4806,0.2793,0.4099,61.2,val
LEAF_LEAF_12388.jpg,Leaf_Blast,2,0.5268,0.3297,0.342,62.35,train
LEAF_HEAL_12389.jpg,Healthy_Leaf,3,0.816,0.0228,0.0,10.87,val
LEAF_LEAF_12390.jpg,Leaf_Blast,2,0.3589,0.3634,0.2418,66.82,train
LEAF_BROW_12391.jpg,Brown_Spot,1,0.5816,0.281,0.1674,38.66,train
LEAF_HEAL_12392.jpg,Healthy_Leaf,3,0.8317,0.0631,0.0,9.43,train
LEAF_BACT_12393.jpg,Bacterial_Blight,0,0.3547,0.3448,0.3422,43.58,train
LEAF_BACT_12394.jpg,Bacterial_Blight,0,0.4565,0.3311,0.385,36.59,val
LEAF_BACT_12395.jpg,Bacterial_Blight,0,0.4886,0.3192,0.3781,37.84,train
LEAF_HEAL_12396.jpg,Healthy_Leaf,3,0.7418,0.0256,0.0,10.1,train
LEAF_BROW_12397.jpg,Brown_Spot,1,0.6016,0.2275,0.1721,34.13,train
LEAF_BROW_12398.jpg,Brown_Spot,1,0.3818,0.1928,0.237,45.54,train
LEAF_TUNG_12399.jpg,Tungro_Virus,4,0.2986,0.489,0.3866,26.84,train
LEAF_BROW_12400.jpg,Brown_Spot,1,0.4939,0.2156,0.1994,49.01,val
LEAF_LEAF_12401.jpg,Leaf_Blast,2,0.3294,0.2705,0.4605,39.78,train
LEAF_BACT_12402.jpg,Bacterial_Blight,0,0.6435,0.3215,0.4067,37.86,train
LEAF_LEAF_12403.jpg,Leaf_Blast,2,0.4656,0.3263,0.3981,55.2,train
LEAF_LEAF_12404.jpg,Leaf_Blast,2,0.3755,0.4413,0.287,54.26,test
LEAF_HEAL_12405.jpg,Healthy_Leaf,3,0.7074,0.0607,0.0,11.89,train
LEAF_LEAF_12406.jpg,Leaf_Blast,2,0.358,0.4029,0.2129,63.01,train
LEAF_HEAL_12407.jpg,Healthy_Leaf,3,0.765,0.045,0.0,12.52,train
LEAF_LEAF_12408.jpg,Leaf_Blast,2,0.3646,0.2746,0.4572,42.22,train
LEAF_HEAL_12409.jpg,Healthy_Leaf,3,0.8191,0.0567,0.0,14.36,test
LEAF_LEAF_12410.jpg,Leaf_Blast,2,0.4518,0.2271,0.2425,48.75,test
LEAF_HEAL_12411.jpg,Healthy_Leaf,3,0.7944,0.0784,0.0,12.6,train
LEAF_HEAL_12412.jpg,Healthy_Leaf,3,0.7573,0.0629,0.0,12.01,train
LEAF_BACT_12413.jpg,Bacterial_Blight,0,0.5001,0.2998,0.1993,40.77,train
LEAF_HEAL_12414.jpg,Healthy_Leaf,3,0.8352,0.0693,0.0,15.13,val
LEAF_BROW_12415.jpg,Brown_Spot,1,0.5861,0.3071,0.35,51.6,test
LEAF_BACT_12416.jpg,Bacterial_Blight,0,0.309,0.3994,0.1947,38.76,train
LEAF_LEAF_12417.jpg,Leaf_Blast,2,0.3678,0.2629,0.3197,51.08,test
LEAF_LEAF_12418.jpg,Leaf_Blast,2,0.425,0.3896,0.3466,58.47,train
LEAF_LEAF_12419.jpg,Leaf_Blast,2,0.4874,0.4145,0.2875,48.87,train
LEAF_LEAF_12420.jpg,Leaf_Blast,2,0.433,0.2424,0.4671,52.41,train
LEAF_BROW_12421.jpg,Brown_Spot,1,0.5542,0.3031,0.2673,42.12,train
LEAF_LEAF_12422.jpg,Leaf_Blast,2,0.3744,0.274,0.3447,50.1,test
LEAF_TUNG_12423.jpg,Tungro_Virus,4,0.4881,0.6193,0.3262,30.62,train
LEAF_LEAF_12424.jpg,Leaf_Blast,2,0.4731,0.3371,0.4422,39.57,train
LEAF_TUNG_12425.jpg,Tungro_Virus,4,0.3589,0.6928,0.6388,23.1,train
LEAF_BACT_12426.jpg,Bacterial_Blight,0,0.534,0.3701,0.2628,39.09,test
LEAF_BROW_12427.jpg,Brown_Spot,1,0.4633,0.1989,0.2989,58.64,train
LEAF_HEAL_12428.jpg,Healthy_Leaf,3,0.8328,0.0263,0.0,13.52,train
LEAF_HEAL_12429.jpg,Healthy_Leaf,3,0.7508,0.0815,0.0,12.04,train
LEAF_TUNG_12430.jpg,Tungro_Virus,4,0.4147,0.6205,0.4575,29.35,train
LEAF_HEAL_12431.jpg,Healthy_Leaf,3,0.7759,-0.0013,0.0,12.21,train
LEAF_BROW_12432.jpg,Brown_Spot,1,0.5385,0.1574,0.1849,53.53,val
LEAF_HEAL_12433.jpg,Healthy_Leaf,3,0.7059,0.0891,0.0,14.58,train
LEAF_BROW_12434.jpg,Brown_Spot,1,0.5868,0.2684,0.2201,50.11,train
LEAF_HEAL_12435.jpg,Healthy_Leaf,3,0.8446,0.0977,0.0,12.64,test
LEAF_BACT_12436.jpg,Bacterial_Blight,0,0.4879,0.4534,0.327,38.95,train
LEAF_HEAL_12437.jpg,Healthy_Leaf,3,0.7675,0.0155,0.0,13.4,train
LEAF_HEAL_12438.jpg,Healthy_Leaf,3,0.7279,0.0783,0.0,12.59,train
LEAF_BACT_12439.jpg,Bacterial_Blight,0,0.5556,0.464,0.3305,38.72,train
LEAF_HEAL_12440.jpg,Healthy_Leaf,3,0.7056,0.0624,0.0,12.9,test
LEAF_LEAF_12441.jpg,Leaf_Blast,2,0.48,0.4203,0.4904,43.48,test
LEAF_BROW_12442.jpg,Brown_Spot,1,0.454,0.1716,0.1744,44.31,train
LEAF_LEAF_12443.jpg,Leaf_Blast,2,0.3077,0.3803,0.4338,53.95,test
LEAF_LEAF_12444.jpg,Leaf_Blast,2,0.3701,0.3877,0.3584,58.42,train
LEAF_HEAL_12445.jpg,Healthy_Leaf,3,0.7956,0.0448,0.0,12.37,test
LEAF_HEAL_12446.jpg,Healthy_Leaf,3,0.8041,0.0441,0.0,11.53,train
LEAF_TUNG_12447.jpg,Tungro_Virus,4,0.3926,0.4352,0.4536,25.1,val
LEAF_BACT_12448.jpg,Bacterial_Blight,0,0.3651,0.388,0.3224,32.75,train
LEAF_LEAF_12449.jpg,Leaf_Blast,2,0.6258,0.3841,0.3561,48.98,val
LEAF_HEAL_12450.jpg,Healthy_Leaf,3,0.7927,0.0197,0.0,12.08,test
LEAF_TUNG_12451.jpg,Tungro_Virus,4,0.3247,0.6032,0.4813,30.92,train
LEAF_HEAL_12452.jpg,Healthy_Leaf,3,0.8471,0.0148,0.0,14.87,train
LEAF_TUNG_12453.jpg,Tungro_Virus,4,0.3218,0.5852,0.4062,21.01,train
LEAF_BROW_12454.jpg,Brown_Spot,1,0.3823,0.1943,0.2885,47.92,train
LEAF_BACT_12455.jpg,Bacterial_Blight,0,0.5783,0.4523,0.3256,43.87,train
LEAF_BACT_12456.jpg,Bacterial_Blight,0,0.3621,0.3581,0.3222,29.57,val
LEAF_HEAL_12457.jpg,Healthy_Leaf,3,0.8306,0.0867,0.0,13.33,train
LEAF_BROW_12458.jpg,Brown_Spot,1,0.5155,0.278,0.1386,43.56,val
LEAF_HEAL_12459.jpg,Healthy_Leaf,3,0.7806,0.0293,0.0,12.9,train
LEAF_TUNG_12460.jpg,Tungro_Virus,4,0.2947,0.637,0.4322,23.21,train
LEAF_HEAL_12461.jpg,Healthy_Leaf,3,0.7753,0.0464,0.0,13.41,train
LEAF_BACT_12462.jpg,Bacterial_Blight,0,0.4936,0.2035,0.2638,39.48,val
LEAF_HEAL_12463.jpg,Healthy_Leaf,3,0.7745,0.0501,0.0,11.04,val
LEAF_BROW_12464.jpg,Brown_Spot,1,0.5075,0.2452,0.2506,52.42,train
LEAF_BACT_12465.jpg,Bacterial_Blight,0,0.3517,0.3622,0.3654,36.18,train
LEAF_HEAL_12466.jpg,Healthy_Leaf,3,0.7749,0.033,0.0,9.78,train
LEAF_TUNG_12467.jpg,Tungro_Virus,4,0.3146,0.6087,0.4382,28.92,test
LEAF_TUNG_12468.jpg,Tungro_Virus,4,0.2798,0.4804,0.4394,28.88,test
LEAF_LEAF_12469.jpg,Leaf_Blast,2,0.4365,0.3541,0.4272,59.04,train
LEAF_LEAF_12470.jpg,Leaf_Blast,2,0.4898,0.3549,0.2739,38.96,val
LEAF_HEAL_12471.jpg,Healthy_Leaf,3,0.7679,0.015,0.0,13.96,test
LEAF_BACT_12472.jpg,Bacterial_Blight,0,0.5708,0.4165,0.3533,37.34,test
LEAF_BROW_12473.jpg,Brown_Spot,1,0.5608,0.2336,0.3725,35.94,train
LEAF_BROW_12474.jpg,Brown_Spot,1,0.5469,0.1526,0.2962,51.03,train
LEAF_HEAL_12475.jpg,Healthy_Leaf,3,0.8158,0.0466,0.0,14.4,test
LEAF_BROW_12476.jpg,Brown_Spot,1,0.5114,0.2817,0.2096,47.21,val
LEAF_LEAF_12477.jpg,Leaf_Blast,2,0.4648,0.2755,0.292,53.92,val
LEAF_BROW_12478.jpg,Brown_Spot,1,0.4824,0.2356,0.1079,50.08,val
LEAF_HEAL_12479.jpg,Healthy_Leaf,3,0.7581,0.0438,0.0,8.43,train
LEAF_BROW_12480.jpg,Brown_Spot,1,0.516,0.31,0.2375,60.7,train
LEAF_BACT_12481.jpg,Bacterial_Blight,0,0.4444,0.3941,0.4601,47.07,test
LEAF_LEAF_12482.jpg,Leaf_Blast,2,0.4672,0.2247,0.3513,48.46,train
LEAF_LEAF_12483.jpg,Leaf_Blast,2,0.4624,0.3214,0.4134,54.17,train
LEAF_HEAL_12484.jpg,Healthy_Leaf,3,0.8617,0.0838,0.0,11.69,train
LEAF_LEAF_12485.jpg,Leaf_Blast,2,0.5276,0.3502,0.186,48.09,train
LEAF_HEAL_12486.jpg,Healthy_Leaf,3,0.7594,0.0383,0.0,14.18,train
LEAF_BACT_12487.jpg,Bacterial_Blight,0,0.4919,0.4326,0.3727,41.14,train
LEAF_LEAF_12488.jpg,Leaf_Blast,2,0.4612,0.3039,0.419,49.04,test
LEAF_HEAL_12489.jpg,Healthy_Leaf,3,0.7444,0.0169,0.0,13.27,train
LEAF_BACT_12490.jpg,Bacterial_Blight,0,0.5606,0.4298,0.3941,39.16,val
LEAF_HEAL_12491.jpg,Healthy_Leaf,3,0.8007,0.0186,0.0,16.33,test
LEAF_HEAL_12492.jpg,Healthy_Leaf,3,0.7419,0.0363,0.0,13.25,train
LEAF_BROW_12493.jpg,Brown_Spot,1,0.3937,0.1861,0.2264,44.56,train
LEAF_BACT_12494.jpg,Bacterial_Blight,0,0.5939,0.3272,0.1826,40.94,train
LEAF_LEAF_12495.jpg,Leaf_Blast,2,0.5036,0.3059,0.4038,58.67,val
LEAF_HEAL_12496.jpg,Healthy_Leaf,3,0.8114,0.0421,0.0,13.5,train
LEAF_HEAL_12497.jpg,Healthy_Leaf,3,0.8399,0.0575,0.0,11.24,train
LEAF_LEAF_12498.jpg,Leaf_Blast,2,0.3455,0.3058,0.3493,61.11,train
LEAF_HEAL_12499.jpg,Healthy_Leaf,3,0.8053,0.0706,0.0,14.29,train
LEAF_LEAF_12500.jpg,Leaf_Blast,2,0.5443,0.4241,0.351,52.22,test
